[{"model": "contenttypes.contenttype", "pk": 1, "fields": {"app_label": "admin", "model": "logentry"}}, {"model": "contenttypes.contenttype", "pk": 2, "fields": {"app_label": "auth", "model": "group"}}, {"model": "contenttypes.contenttype", "pk": 3, "fields": {"app_label": "auth", "model": "user"}}, {"model": "contenttypes.contenttype", "pk": 4, "fields": {"app_label": "auth", "model": "permission"}}, {"model": "contenttypes.contenttype", "pk": 5, "fields": {"app_label": "contenttypes", "model": "contenttype"}}, {"model": "contenttypes.contenttype", "pk": 6, "fields": {"app_label": "sessions", "model": "session"}}, {"model": "contenttypes.contenttype", "pk": 7, "fields": {"app_label": "pengunjung", "model": "review"}}, {"model": "contenttypes.contenttype", "pk": 8, "fields": {"app_label": "pengunjung", "model": "pengunjung"}}, {"model": "contenttypes.contenttype", "pk": 9, "fields": {"app_label": "pengunjung", "model": "fotoreview"}}, {"model": "contenttypes.contenttype", "pk": 10, "fields": {"app_label": "asuransi", "model": "asuransi"}}, {"model": "contenttypes.contenttype", "pk": 11, "fields": {"app_label": "asuransi", "model": "hubunganrumahsakitasuransi"}}, {"model": "contenttypes.contenttype", "pk": 12, "fields": {"app_label": "rumah_sakit", "model": "spesialis"}}, {"model": "contenttypes.contenttype", "pk": 13, "fields": {"app_label": "rumah_sakit", "model": "jadwaldokter"}}, {"model": "contenttypes.contenttype", "pk": 14, "fields": {"app_label": "rumah_sakit", "model": "fotorumahsakit"}}, {"model": "contenttypes.contenttype", "pk": 15, "fields": {"app_label": "rumah_sakit", "model": "rumahsakit"}}, {"model": "contenttypes.contenttype", "pk": 16, "fields": {"app_label": "rumah_sakit", "model": "penyakit"}}, {"model": "contenttypes.contenttype", "pk": 17, "fields": {"app_label": "rumah_sakit", "model": "jenisfasilitas"}}, {"model": "contenttypes.contenttype", "pk": 18, "fields": {"app_label": "rumah_sakit", "model": "dokter"}}, {"model": "contenttypes.contenttype", "pk": 19, "fields": {"app_label": "rumah_sakit", "model": "fasilitasrumahsakit"}}, {"model": "contenttypes.contenttype", "pk": 20, "fields": {"app_label": "utama", "model": "akun"}}, {"model": "contenttypes.contenttype", "pk": 21, "fields": {"app_label": "utama", "model": "administrator"}}, {"model": "contenttypes.contenttype", "pk": 22, "fields": {"app_label": "utama", "model": "berita"}}, {"model": "sessions.session", "pk": "5jgefdxsj512vdjq4fgu8936fvh6yk4p", "fields": {"session_data": "ZjM5ZDg0MDM4NGZjMDliMDIzOGFlMDdhODlhZTQ3MzdhN2Y4ZjUxYzp7InN0YXR1cyI6InZhbGlkYXRlZCIsInVzZXJuYW1lIjoicnN1X2JhbmR1bmciLCJwayI6MTQsInJvbGUiOiJydW1haF9zYWtpdCIsInJvbGVfcGsiOjExLCJpbWFnZV91cmwiOiIvbWVkaWEvZm90b19wcm9maWxfcnVtYWhfc2FraXQvMDFfZjhZcE9EcS5qcGciLCJfYXV0aF91c2VyX2lkIjoiMTUiLCJfYXV0aF91c2VyX2JhY2tlbmQiOiJkamFuZ28uY29udHJpYi5hdXRoLmJhY2tlbmRzLk1vZGVsQmFja2VuZCIsIl9hdXRoX3VzZXJfaGFzaCI6IjFkYTk1N2RiOTI5NTgyMWMyYWYxNjA0NzZhYjViNzYzOTQwNjNmODAifQ==", "expire_date": "2017-06-20T07:43:11.778Z"}}, {"model": "sessions.session", "pk": "emkqj7hm3p7s2cs1wbq7br6gjmzh8s1k", "fields": {"session_data": "ZjM5ZDg0MDM4NGZjMDliMDIzOGFlMDdhODlhZTQ3MzdhN2Y4ZjUxYzp7InN0YXR1cyI6InZhbGlkYXRlZCIsInVzZXJuYW1lIjoicnN1X2JhbmR1bmciLCJwayI6MTQsInJvbGUiOiJydW1haF9zYWtpdCIsInJvbGVfcGsiOjExLCJpbWFnZV91cmwiOiIvbWVkaWEvZm90b19wcm9maWxfcnVtYWhfc2FraXQvMDFfZjhZcE9EcS5qcGciLCJfYXV0aF91c2VyX2lkIjoiMTUiLCJfYXV0aF91c2VyX2JhY2tlbmQiOiJkamFuZ28uY29udHJpYi5hdXRoLmJhY2tlbmRzLk1vZGVsQmFja2VuZCIsIl9hdXRoX3VzZXJfaGFzaCI6IjFkYTk1N2RiOTI5NTgyMWMyYWYxNjA0NzZhYjViNzYzOTQwNjNmODAifQ==", "expire_date": "2017-06-20T09:33:46.049Z"}}, {"model": "sessions.session", "pk": "fsn5jh1nr8g3o6ac6aesf4xubzwvl4ql", "fields": {"session_data": "NWY0M2NjMmZmNTc4NGJkYTk0NzZmZTE1YjM5MTAzNjRmMzQ3MmRlZTp7InN0YXR1cyI6InZhbGlkYXRlZCIsInVzZXJuYW1lIjoiYWRtaW5pc3RyYXRvciIsInBrIjozLCJyb2xlIjoiYWRtaW5pc3RyYXRvciIsInJvbGVfcGsiOjEsImltYWdlX3VybCI6Ii9tZWRpYS9mb3RvX3Byb2ZpbF9hZG1pbmlzdHJhdG9yLzAxLmpwZyIsIl9hdXRoX3VzZXJfaWQiOiI0IiwiX2F1dGhfdXNlcl9iYWNrZW5kIjoiZGphbmdvLmNvbnRyaWIuYXV0aC5iYWNrZW5kcy5Nb2RlbEJhY2tlbmQiLCJfYXV0aF91c2VyX2hhc2giOiI1YzE3OWJjYTI2ZGY4NDEzYTNkZjk0YWJkNmI5ODU1NGMwYzczMjYwIn0=", "expire_date": "2017-06-20T07:28:02.702Z"}}, {"model": "sessions.session", "pk": "id6k14fynbatbrwawu00g37gab3dxccq", "fields": {"session_data": "MjQ3YWIzNWRiNDJkZTViOWEwNzZhMzI0Zjk5MzA5NjIyMDZhYWJjMzp7Il9hdXRoX3VzZXJfaWQiOiI0IiwiX2F1dGhfdXNlcl9iYWNrZW5kIjoiZGphbmdvLmNvbnRyaWIuYXV0aC5iYWNrZW5kcy5Nb2RlbEJhY2tlbmQiLCJwayI6MywiX2F1dGhfdXNlcl9oYXNoIjoiNWMxNzliY2EyNmRmODQxM2EzZGY5NGFiZDZiOTg1NTRjMGM3MzI2MCIsInJvbGUiOiJhZG1pbmlzdHJhdG9yIiwiaW1hZ2VfdXJsIjoiL21lZGlhL2ZvdG9fcHJvZmlsX2FkbWluaXN0cmF0b3IvMDEuanBnIiwidXNlcm5hbWUiOiJhZG1pbmlzdHJhdG9yIiwic3RhdHVzIjoidmFsaWRhdGVkIiwicm9sZV9wayI6MX0=", "expire_date": "2017-06-20T13:14:26.685Z"}}, {"model": "sessions.session", "pk": "kpqmwt78ro99vez4ava143glfh5c2l4e", "fields": {"session_data": "MzkwNzA0OWM0MjUyYzIwMTFhMWYxOTg1OTJjZmU2NzgyY2M0MmQ5Yzp7InN0YXR1cyI6InZhbGlkYXRlZCIsInVzZXJuYW1lIjoicGVuZ3VuanVuZyIsInBrIjoxNywicm9sZSI6InBlbmd1bmp1bmciLCJyb2xlX3BrIjoyLCJpbWFnZV91cmwiOiIvbWVkaWEvZm90b19wcm9maWxfcGVuZ3VuanVuZy8xMy5qcGciLCJfYXV0aF91c2VyX2lkIjoiMTgiLCJfYXV0aF91c2VyX2JhY2tlbmQiOiJkamFuZ28uY29udHJpYi5hdXRoLmJhY2tlbmRzLk1vZGVsQmFja2VuZCIsIl9hdXRoX3VzZXJfaGFzaCI6IjllOWJkNDk3ZDFjN2Y0Mzg2YmYyNmUxYjRlYTg0MzkwZDFhNjdlM2YifQ==", "expire_date": "2017-06-21T01:13:54.180Z"}}, {"model": "sessions.session", "pk": "rc2cxgz02d61dje8zvoj9fc3x0jo81vt", "fields": {"session_data": "MzkwNzA0OWM0MjUyYzIwMTFhMWYxOTg1OTJjZmU2NzgyY2M0MmQ5Yzp7InN0YXR1cyI6InZhbGlkYXRlZCIsInVzZXJuYW1lIjoicGVuZ3VuanVuZyIsInBrIjoxNywicm9sZSI6InBlbmd1bmp1bmciLCJyb2xlX3BrIjoyLCJpbWFnZV91cmwiOiIvbWVkaWEvZm90b19wcm9maWxfcGVuZ3VuanVuZy8xMy5qcGciLCJfYXV0aF91c2VyX2lkIjoiMTgiLCJfYXV0aF91c2VyX2JhY2tlbmQiOiJkamFuZ28uY29udHJpYi5hdXRoLmJhY2tlbmRzLk1vZGVsQmFja2VuZCIsIl9hdXRoX3VzZXJfaGFzaCI6IjllOWJkNDk3ZDFjN2Y0Mzg2YmYyNmUxYjRlYTg0MzkwZDFhNjdlM2YifQ==", "expire_date": "2017-06-20T08:03:03.807Z"}}, {"model": "pengunjung.pengunjung", "pk": 1, "fields": {"nama": "User 1", "akun": 4, "tempat_lahir": "Medan", "tanggal_lahir": "2017-11-12", "golongan_darah": "A+", "provinsi": "Sumatera Utara", "kabupaten_kota": "Tobasa", "kecamatan": "Laguboti", "kelurahan": "Sitoluama", "rt_rw": "12", "kode_pos": "112233", "jenis_kelamin": "wanita", "nomor_telepon": "082272574594", "foto_profil": "foto_profil_pengunjung/delPicture.jpeg", "status_validasi": "request"}}, {"model": "pengunjung.pengunjung", "pk": 2, "fields": {"nama": "gantengggg", "akun": 17, "tempat_lahir": "-", "tanggal_lahir": "2011-09-09", "golongan_darah": "A+", "provinsi": "Sumatera utara", "kabupaten_kota": "Medan", "kecamatan": "Medan", "kelurahan": "Jln salak", "rt_rw": "1", "kode_pos": "22130", "jenis_kelamin": "pria", "nomor_telepon": "0842197501", "foto_profil": "foto_profil_pengunjung/13.jpg", "status_validasi": "request"}}, {"model": "pengunjung.review", "pk": 1, "fields": {"pengunjung": 2, "rumah_sakit": 11, "isi_review": "Pelayanan bagus", "waktu_stamp": "2017-06-06T08:03:54.503Z", "waktu_validasi": "2017-06-06T15:03:54.503Z", "data_lokasi_pengunjung_lintang": "-", "data_lokasi_pengunjung_bujur": "-", "status_validasi": "validated", "rating": 4}}, {"model": "pengunjung.review", "pk": 2, "fields": {"pengunjung": 2, "rumah_sakit": 2, "isi_review": "bagus", "waktu_stamp": "2017-06-07T00:37:19.698Z", "waktu_validasi": "2017-06-07T00:37:19.697Z", "data_lokasi_pengunjung_lintang": "-", "data_lokasi_pengunjung_bujur": "-", "status_validasi": "request", "rating": 6}}, {"model": "pengunjung.review", "pk": 3, "fields": {"pengunjung": 2, "rumah_sakit": 2, "isi_review": "csadasd", "waktu_stamp": "2017-06-07T01:20:18.941Z", "waktu_validasi": "2017-06-07T01:20:18.940Z", "data_lokasi_pengunjung_lintang": "-", "data_lokasi_pengunjung_bujur": "-", "status_validasi": "request", "rating": 30}}, {"model": "pengunjung.fotoreview", "pk": 1, "fields": {"review": 1, "foto_review": "foto_review/DSC_0062.JPG"}}, {"model": "pengunjung.fotoreview", "pk": 2, "fields": {"review": 3, "foto_review": "foto_review/IMG_20170205_195053_711.jpg"}}, {"model": "asuransi.asuransi", "pk": 1, "fields": {"akun": 1, "nama": "Asuransi", "url_website": "asuransi.com", "dokumen": "dokumen_asuransi/Denah_GSG.docx", "foto_profil": "foto_profil_asuransi/01.jpg", "nomor_telepon": "082272574594", "status_validasi": "rejected", "waktu_validasi": "2017-06-06T07:59:29Z", "administrator": 1}}, {"model": "asuransi.asuransi", "pk": 2, "fields": {"akun": 15, "nama": "Bhakti Bhayangkara", "url_website": "-", "dokumen": "dokumen_asuransi/Denah_GSG_qboctMU.docx", "foto_profil": "foto_profil_asuransi/01_LE0f6N9.jpg", "nomor_telepon": "08130471275", "status_validasi": "validated", "waktu_validasi": "2017-06-06T07:59:16Z", "administrator": 1}}, {"model": "asuransi.asuransi", "pk": 3, "fields": {"akun": 16, "nama": "Manulife Assurance", "url_website": "-", "dokumen": "dokumen_asuransi/Denah_GSG_HtzShYc.docx", "foto_profil": "foto_profil_asuransi/01_aJuUDhv.jpg", "nomor_telepon": "07037915", "status_validasi": "validated", "waktu_validasi": "2017-06-06T07:59:02Z", "administrator": 1}}, {"model": "asuransi.hubunganrumahsakitasuransi", "pk": 1, "fields": {"asuransi": 3, "rumah_sakit": 11, "dokumen": "dokumen_hubungan_rumah_sakit_asuransi/Capture2.JPG", "administrator": 1, "status_validasi_rumah_sakit": "validated", "status_validasi_administrator": "validated", "waktu_validasi": "2017-06-06T15:00:06.308Z"}}, {"model": "asuransi.hubunganrumahsakitasuransi", "pk": 2, "fields": {"asuransi": 3, "rumah_sakit": 2, "dokumen": "dokumen_hubungan_rumah_sakit_asuransi/1480419985562.jpg", "administrator": 1, "status_validasi_rumah_sakit": "validated", "status_validasi_administrator": "validated", "waktu_validasi": "2017-06-07T00:39:06.076Z"}}, {"model": "rumah_sakit.rumahsakit", "pk": 1, "fields": {"nama": "Rumah Sakit", "akun": 2, "foto_profil": "foto_profil_rumah_sakit/01.jpg", "dokumen": "dokumen_rumah_sakit/Denah_GSG.docx", "url_website": "selatan@gmail.com", "provinsi": "Sumatera Utara", "kabupaten_kota": "Tobasa", "kecamatan": "Laguboti", "kelurahan": "Sitoluama", "kode_pos": "112233", "fax": "67253", "nomor_telepon": "082272574594", "lokasi_rumah_sakit_lintang": "90.88736487", "lokasi_rumah_sakit_bujur": "98.832479873", "status_validasi": "validated", "waktu_validasi": "2017-06-06", "administrator": 1}}, {"model": "rumah_sakit.rumahsakit", "pk": 2, "fields": {"nama": "RSUP H. Adam Malik", "akun": 5, "foto_profil": "foto_profil_rumah_sakit/01_7I5dXkn.jpg", "dokumen": "dokumen_rumah_sakit/Denah_GSG_Ym5RRRL.docx", "url_website": "http://www.rsham.co.id", "provinsi": "Sumatera Utara", "kabupaten_kota": "Medan", "kecamatan": "Medan", "kelurahan": "Jl. Bunga Lau N0. 17, Medan", "kode_pos": "20136", "fax": "061-8360255", "nomor_telepon": "061-8360255", "lokasi_rumah_sakit_lintang": "3.5181409", "lokasi_rumah_sakit_bujur": "98.6064356", "status_validasi": "validated", "waktu_validasi": "2017-06-06", "administrator": 1}}, {"model": "rumah_sakit.rumahsakit", "pk": 3, "fields": {"nama": "RSU Ibnu Saleh", "akun": 6, "foto_profil": "foto_profil_rumah_sakit/01_w6fPQex.jpg", "dokumen": "dokumen_rumah_sakit/Denah_GSG_rWjCLOR.docx", "url_website": "-", "provinsi": "Sumatera Utara", "kabupaten_kota": "Medan", "kecamatan": "Medan", "kelurahan": "Jl. HM. Joni No.64/63A-65", "kode_pos": "20127", "fax": "-", "nomor_telepon": "061-7342241", "lokasi_rumah_sakit_lintang": "-", "lokasi_rumah_sakit_bujur": "-", "status_validasi": "validated", "waktu_validasi": "2017-06-06", "administrator": 1}}, {"model": "rumah_sakit.rumahsakit", "pk": 4, "fields": {"nama": "RSU Bunda Thamrin", "akun": 7, "foto_profil": "foto_profil_rumah_sakit/01_iVD4Gf7.jpg", "dokumen": "dokumen_rumah_sakit/Denah_GSG_oE7MTtN.docx", "url_website": "-", "provinsi": "Sumatera Utara", "kabupaten_kota": "Medan", "kecamatan": "Medan", "kelurahan": "Jln. Sei Batang Hari", "kode_pos": "20119", "fax": "061- 4558218", "nomor_telepon": "(62-61)88813615", "lokasi_rumah_sakit_lintang": "-", "lokasi_rumah_sakit_bujur": "-", "status_validasi": "validated", "waktu_validasi": "2017-06-06", "administrator": 1}}, {"model": "rumah_sakit.rumahsakit", "pk": 5, "fields": {"nama": "RSU Ridos", "akun": 8, "foto_profil": "foto_profil_rumah_sakit/01_WIwzUvj.jpg", "dokumen": "dokumen_rumah_sakit/Denah_GSG_mh0jTyJ.docx", "url_website": "-", "provinsi": "Sumatera Utara", "kabupaten_kota": "Medan", "kecamatan": "Medan", "kelurahan": "Jl. Menteng VII no.62 Medan", "kode_pos": "20228", "fax": "-", "nomor_telepon": "061-7881406", "lokasi_rumah_sakit_lintang": "-", "lokasi_rumah_sakit_bujur": "-", "status_validasi": "rejected", "waktu_validasi": "2017-06-06", "administrator": 1}}, {"model": "rumah_sakit.rumahsakit", "pk": 6, "fields": {"nama": "RSU Herna", "akun": 9, "foto_profil": "foto_profil_rumah_sakit/01_fuvGyfm.jpg", "dokumen": "dokumen_rumah_sakit/Denah_GSG_ANM24Qg.docx", "url_website": "-", "provinsi": "Sumatera Utara", "kabupaten_kota": "Medan", "kecamatan": "Medan", "kelurahan": "Jl. Mojopahit 118 A,Medan", "kode_pos": "20153", "fax": "061-4153955", "nomor_telepon": "061-4510766", "lokasi_rumah_sakit_lintang": "-", "lokasi_rumah_sakit_bujur": "-", "status_validasi": "validated", "waktu_validasi": "2017-06-06", "administrator": 1}}, {"model": "rumah_sakit.rumahsakit", "pk": 7, "fields": {"nama": "RSU AL Belawan", "akun": 10, "foto_profil": "foto_profil_rumah_sakit/01_X58SuIm.jpg", "dokumen": "dokumen_rumah_sakit/Denah_GSG_jUjgcrA.docx", "url_website": "-", "provinsi": "Sumatera Utara", "kabupaten_kota": "Medan", "kecamatan": "Medan", "kelurahan": "Jl. Bengkalis Belawan No.1,Medan", "kode_pos": "201411", "fax": "061-6941741", "nomor_telepon": "061-6941741", "lokasi_rumah_sakit_lintang": "-", "lokasi_rumah_sakit_bujur": "-", "status_validasi": "validated", "waktu_validasi": "2017-06-06", "administrator": 1}}, {"model": "rumah_sakit.rumahsakit", "pk": 8, "fields": {"nama": "RSU Islam Malahayati", "akun": 11, "foto_profil": "foto_profil_rumah_sakit/01_EvxcwRN.jpg", "dokumen": "dokumen_rumah_sakit/Denah_GSG_fmKChRn.docx", "url_website": "-", "provinsi": "Sumatera Utara", "kabupaten_kota": "Medan", "kecamatan": "Medan", "kelurahan": "Jl. Pangeran Diponegoro No.2-4, Medan", "kode_pos": "20112", "fax": "061-4519474", "nomor_telepon": "061-4518766", "lokasi_rumah_sakit_lintang": "-", "lokasi_rumah_sakit_bujur": "-", "status_validasi": "validated", "waktu_validasi": "2017-06-06", "administrator": 1}}, {"model": "rumah_sakit.rumahsakit", "pk": 9, "fields": {"nama": "RSU Mitra Medika", "akun": 12, "foto_profil": "foto_profil_rumah_sakit/01_Dh1Mlhe.jpg", "dokumen": "dokumen_rumah_sakit/Denah_GSG_D45OL0B.docx", "url_website": "-", "provinsi": "Sumatera Utara", "kabupaten_kota": "Medan", "kecamatan": "Medan", "kelurahan": "Jl. K.L. Yos Sudarso Km 7,5 Tanjung Mulia,Medan", "kode_pos": "20244", "fax": "061-6642568", "nomor_telepon": "061-6642238", "lokasi_rumah_sakit_lintang": "-", "lokasi_rumah_sakit_bujur": "-", "status_validasi": "validated", "waktu_validasi": "2017-06-06", "administrator": 1}}, {"model": "rumah_sakit.rumahsakit", "pk": 10, "fields": {"nama": "RSU Permata Bunda", "akun": 13, "foto_profil": "foto_profil_rumah_sakit/01_QfZJaYz.jpg", "dokumen": "dokumen_rumah_sakit/Denah_GSG_WFKDwYF.docx", "url_website": "-", "provinsi": "Sumatera Utara", "kabupaten_kota": "Medan", "kecamatan": "Medan", "kelurahan": "Jl. Sisingamangaraja No. 07,Medan", "kode_pos": "20215", "fax": "061-7320222", "nomor_telepon": "061-7362777", "lokasi_rumah_sakit_lintang": "-", "lokasi_rumah_sakit_bujur": "-", "status_validasi": "validated", "waktu_validasi": "2017-06-06", "administrator": 1}}, {"model": "rumah_sakit.rumahsakit", "pk": 11, "fields": {"nama": "RSU Bandung", "akun": 14, "foto_profil": "foto_profil_rumah_sakit/01_f8YpODq.jpg", "dokumen": "dokumen_rumah_sakit/Denah_GSG_MwbmSIq.docx", "url_website": "-", "provinsi": "Sumatera Utara", "kabupaten_kota": "Medan", "kecamatan": "Medan", "kelurahan": "Jl. Mistar No. 39-43", "kode_pos": "20118", "fax": "-", "nomor_telepon": "061-4567993", "lokasi_rumah_sakit_lintang": "-", "lokasi_rumah_sakit_bujur": "-", "status_validasi": "validated", "waktu_validasi": "2017-06-06", "administrator": 1}}, {"model": "rumah_sakit.rumahsakit", "pk": 12, "fields": {"nama": "RSUD Simeulue", "akun": 18, "foto_profil": "", "dokumen": "", "url_website": "-", "provinsi": "aceh", "kabupaten_kota": "aceh", "kecamatan": "aceh", "kelurahan": "-", "kode_pos": "-", "fax": "-", "nomor_telepon": "(0650) 8001070", "lokasi_rumah_sakit_lintang": "-", "lokasi_rumah_sakit_bujur": "-", "status_validasi": "request", "waktu_validasi": null, "administrator": null}}, {"model": "rumah_sakit.rumahsakit", "pk": 13, "fields": {"nama": "RSU Yos Sudarso", "akun": 19, "foto_profil": "foto_profil_rumah_sakit/IMG_20170205_195053_711.jpg", "dokumen": "", "url_website": "-", "provinsi": "Sumatera Barat", "kabupaten_kota": "Kota Padang", "kecamatan": "-", "kelurahan": "-", "kode_pos": "25125", "fax": "31811", "nomor_telepon": "33230 / 33231", "lokasi_rumah_sakit_lintang": "-", "lokasi_rumah_sakit_bujur": "-", "status_validasi": "request", "waktu_validasi": null, "administrator": null}}, {"model": "rumah_sakit.rumahsakit", "pk": 14, "fields": {"nama": "RSU Awal Bros Batam", "akun": 20, "foto_profil": "foto_profil_rumah_sakit/IMG_20170205_195053_711_5HU1uRK.jpg", "dokumen": "", "url_website": "www.batam.awalbros.com", "provinsi": "Kepulauan Riau", "kabupaten_kota": "Kota Batam", "kecamatan": "-", "kelurahan": "-", "kode_pos": "29400", "fax": "0778-430777", "nomor_telepon": "0778-431777", "lokasi_rumah_sakit_lintang": "-", "lokasi_rumah_sakit_bujur": "-", "status_validasi": "request", "waktu_validasi": null, "administrator": null}}, {"model": "rumah_sakit.rumahsakit", "pk": 15, "fields": {"nama": "RSU Pantai Indah Kapuk", "akun": 21, "foto_profil": "foto_profil_rumah_sakit/IMG_20170205_195053_711_4QVLfqW.jpg", "dokumen": "", "url_website": "www.pikhospital.co.id", "provinsi": "DKI Jakarta", "kabupaten_kota": "Jakarta Utara", "kecamatan": "-", "kelurahan": "-", "kode_pos": "14460", "fax": "021-5880910", "nomor_telepon": "021-5885065", "lokasi_rumah_sakit_lintang": "-", "lokasi_rumah_sakit_bujur": "-", "status_validasi": "request", "waktu_validasi": null, "administrator": null}}, {"model": "rumah_sakit.rumahsakit", "pk": 16, "fields": {"nama": "RSUD Wangaya", "akun": 22, "foto_profil": "", "dokumen": "", "url_website": "www.pikhospital.co.id", "provinsi": "Bali", "kabupaten_kota": "Kota Denpasar", "kecamatan": "-", "kelurahan": "-", "kode_pos": "-", "fax": "0361-224114", "nomor_telepon": "0361-222141", "lokasi_rumah_sakit_lintang": "-", "lokasi_rumah_sakit_bujur": "-", "status_validasi": "request", "waktu_validasi": null, "administrator": null}}, {"model": "rumah_sakit.rumahsakit", "pk": 17, "fields": {"nama": "PMN RS Mata Cicendo", "akun": 23, "foto_profil": "foto_profil_rumah_sakit/IMG_20170205_195053_711_BDemabj.jpg", "dokumen": "", "url_website": "www.pikhospital.co.id", "provinsi": "Jawa Barat", "kabupaten_kota": "Kota Bandung", "kecamatan": "-", "kelurahan": "-", "kode_pos": "-", "fax": "022-4201960", "nomor_telepon": "(022)4231280", "lokasi_rumah_sakit_lintang": "-", "lokasi_rumah_sakit_bujur": "-", "status_validasi": "request", "waktu_validasi": null, "administrator": null}}, {"model": "rumah_sakit.rumahsakit", "pk": 18, "fields": {"nama": "RSU Sultan Agung Semarang", "akun": 24, "foto_profil": "foto_profil_rumah_sakit/IMG_20170205_195053_711_svOZWiw.jpg", "dokumen": "", "url_website": "www.rsisultanagung.co.id", "provinsi": "Jawa Tengah", "kabupaten_kota": "Kota Semarang", "kecamatan": "-", "kelurahan": "-", "kode_pos": "-", "fax": "024-6581928", "nomor_telepon": "024-6580019", "lokasi_rumah_sakit_lintang": "-", "lokasi_rumah_sakit_bujur": "-", "status_validasi": "request", "waktu_validasi": null, "administrator": null}}, {"model": "rumah_sakit.rumahsakit", "pk": 19, "fields": {"nama": "RSU Siloam", "akun": 25, "foto_profil": "foto_profil_rumah_sakit/IMG_20170205_195053_711_vx6Wijy.jpg", "dokumen": "", "url_website": "-", "provinsi": "Jawa Barat", "kabupaten_kota": "Bekasi", "kecamatan": "-", "kelurahan": "-", "kode_pos": "-", "fax": "021-296 36 969", "nomor_telepon": "021-296 36 900", "lokasi_rumah_sakit_lintang": "-", "lokasi_rumah_sakit_bujur": "-", "status_validasi": "request", "waktu_validasi": null, "administrator": null}}, {"model": "rumah_sakit.rumahsakit", "pk": 20, "fields": {"nama": "Rumkit Tk II Dustira Cimahi", "akun": 26, "foto_profil": "foto_profil_rumah_sakit/IMG_20170205_195053_711_ahxLFmS.jpg", "dokumen": "", "url_website": "rsdustira.com", "provinsi": "Jawa Barat", "kabupaten_kota": "Kota Cimahi", "kecamatan": "-", "kelurahan": "-", "kode_pos": "40521", "fax": "022-6652170", "nomor_telepon": "022-6652207", "lokasi_rumah_sakit_lintang": "-", "lokasi_rumah_sakit_bujur": "-", "status_validasi": "request", "waktu_validasi": null, "administrator": null}}, {"model": "rumah_sakit.rumahsakit", "pk": 21, "fields": {"nama": "RSUP Sanglah", "akun": 27, "foto_profil": "foto_profil_rumah_sakit/IMG_20170205_195053_711_t6VoRWJ.jpg", "dokumen": "", "url_website": "www.sanglahbalihospital.com", "provinsi": "Bali", "kabupaten_kota": "Kota Denpasar", "kecamatan": "-", "kelurahan": "-", "kode_pos": "80114", "fax": "0361-224206", "nomor_telepon": "227911 ext 190", "lokasi_rumah_sakit_lintang": "-", "lokasi_rumah_sakit_bujur": "-", "status_validasi": "request", "waktu_validasi": null, "administrator": null}}, {"model": "rumah_sakit.rumahsakit", "pk": 22, "fields": {"nama": "RSU Islam Klaten", "akun": 28, "foto_profil": "foto_profil_rumah_sakit/IMG_20170205_195053_711_a0pBfS6.jpg", "dokumen": "", "url_website": "www.rsislamklaten.co.id", "provinsi": "Jawa Tengah", "kabupaten_kota": "Klaten", "kecamatan": "-", "kelurahan": "-", "kode_pos": "57436", "fax": "0272-332422", "nomor_telepon": "0272-322252", "lokasi_rumah_sakit_lintang": "-", "lokasi_rumah_sakit_bujur": "-", "status_validasi": "request", "waktu_validasi": null, "administrator": null}}, {"model": "rumah_sakit.rumahsakit", "pk": 23, "fields": {"nama": "RS Siloam Gleneagles", "akun": 29, "foto_profil": "foto_profil_rumah_sakit/IMG_20170205_195053_711_xrZ60q4.jpg", "dokumen": "", "url_website": "www.siloamhospitals.com", "provinsi": "Banten", "kabupaten_kota": "Tangerang", "kecamatan": "-", "kelurahan": "-", "kode_pos": "15811", "fax": "021 5460921", "nomor_telepon": "021 5460055", "lokasi_rumah_sakit_lintang": "-", "lokasi_rumah_sakit_bujur": "-", "status_validasi": "request", "waktu_validasi": null, "administrator": null}}, {"model": "rumah_sakit.rumahsakit", "pk": 24, "fields": {"nama": "RS Siloam Bali", "akun": 30, "foto_profil": "", "dokumen": "", "url_website": "WWW.SILOAMHOSPITAL.COM", "provinsi": "Banten", "kabupaten_kota": "Badung", "kecamatan": "-", "kelurahan": "-", "kode_pos": "80361", "fax": "-", "nomor_telepon": "0361-779933", "lokasi_rumah_sakit_lintang": "-", "lokasi_rumah_sakit_bujur": "-", "status_validasi": "request", "waktu_validasi": null, "administrator": null}}, {"model": "rumah_sakit.rumahsakit", "pk": 25, "fields": {"nama": "RSU Katholik Surabaya", "akun": 31, "foto_profil": "foto_profil_rumah_sakit/IMG_20170205_195053_711_T4lAIus.jpg", "dokumen": "", "url_website": "WWW.SILOAMHOSPITAL.COM", "provinsi": "Jawa Timur", "kabupaten_kota": "Kota Surabaya", "kecamatan": "-", "kelurahan": "-", "kode_pos": "60008", "fax": "031-5674748", "nomor_telepon": "031-5677562", "lokasi_rumah_sakit_lintang": "-", "lokasi_rumah_sakit_bujur": "-", "status_validasi": "request", "waktu_validasi": null, "administrator": null}}, {"model": "rumah_sakit.rumahsakit", "pk": 26, "fields": {"nama": "RS Orthopedi Prof. Dr. R. Soeharso", "akun": 32, "foto_profil": "foto_profil_rumah_sakit/IMG_20170205_195053_711_PtLXUyX.jpg", "dokumen": "", "url_website": "www.rso.go.id", "provinsi": "Jawa Tengah", "kabupaten_kota": "Sukoharjo", "kecamatan": "-", "kelurahan": "-", "kode_pos": "57162", "fax": "0271-714058", "nomor_telepon": "0271-714458", "lokasi_rumah_sakit_lintang": "-", "lokasi_rumah_sakit_bujur": "-", "status_validasi": "request", "waktu_validasi": null, "administrator": null}}, {"model": "rumah_sakit.rumahsakit", "pk": 27, "fields": {"nama": "RSUD dr. R. Soetrasno Rembang", "akun": 33, "foto_profil": "foto_profil_rumah_sakit/IMG_20170205_195053_711_TF6F4P7.jpg", "dokumen": "", "url_website": "http://rsud.rembangkab.go.id", "provinsi": "Jawa Tengah", "kabupaten_kota": "Rembang", "kecamatan": "-", "kelurahan": "-", "kode_pos": "59218", "fax": "0295-692613", "nomor_telepon": "0295-691444", "lokasi_rumah_sakit_lintang": "-", "lokasi_rumah_sakit_bujur": "-", "status_validasi": "request", "waktu_validasi": null, "administrator": null}}, {"model": "rumah_sakit.rumahsakit", "pk": 28, "fields": {"nama": "RSU Ciputra Tangerang", "akun": 34, "foto_profil": "foto_profil_rumah_sakit/IMG_20170205_195053_711_cYPdphX.jpg", "dokumen": "", "url_website": "www.ciputrahospital.com", "provinsi": "Banten", "kabupaten_kota": "Tangerang", "kecamatan": "-", "kelurahan": "-", "kode_pos": "15710", "fax": "021-59405678", "nomor_telepon": "021-59405555", "lokasi_rumah_sakit_lintang": "-", "lokasi_rumah_sakit_bujur": "-", "status_validasi": "request", "waktu_validasi": null, "administrator": null}}, {"model": "rumah_sakit.rumahsakit", "pk": 29, "fields": {"nama": "RS Paru Dr. Ario Wirawan", "akun": 35, "foto_profil": "foto_profil_rumah_sakit/IMG_20170205_195053_711_B88EMio.jpg", "dokumen": "", "url_website": "www.rspaw.or.id", "provinsi": "Jawa Tengah", "kabupaten_kota": "Kota Salatiga", "kecamatan": "-", "kelurahan": "-", "kode_pos": "50701", "fax": "0298-322703", "nomor_telepon": "0298-326130", "lokasi_rumah_sakit_lintang": "-", "lokasi_rumah_sakit_bujur": "-", "status_validasi": "request", "waktu_validasi": null, "administrator": null}}, {"model": "rumah_sakit.rumahsakit", "pk": 30, "fields": {"nama": "RSUD Dr. Moewardi Surakarta", "akun": 36, "foto_profil": "foto_profil_rumah_sakit/IMG_20170205_195053_711_oR5aL7z.jpg", "dokumen": "", "url_website": "rsmoewardi.jatengprov.go.id", "provinsi": "Jawa Tengah", "kabupaten_kota": "Kota Surakarta", "kecamatan": "-", "kelurahan": "-", "kode_pos": "57126", "fax": "0271-637412", "nomor_telepon": "0271-634634", "lokasi_rumah_sakit_lintang": "-", "lokasi_rumah_sakit_bujur": "-", "status_validasi": "request", "waktu_validasi": null, "administrator": null}}, {"model": "rumah_sakit.rumahsakit", "pk": 31, "fields": {"nama": "RSU Bethesda Yogyakarta", "akun": 37, "foto_profil": "foto_profil_rumah_sakit/IMG_20170205_195053_711_J2Y0hla.jpg", "dokumen": "", "url_website": "www.bethesda.or.id", "provinsi": "D.I. YOGYAKARTA", "kabupaten_kota": "Kota Yogyakarta", "kecamatan": "-", "kelurahan": "-", "kode_pos": "55224", "fax": "0274 563312", "nomor_telepon": "0274 586688", "lokasi_rumah_sakit_lintang": "-", "lokasi_rumah_sakit_bujur": "-", "status_validasi": "request", "waktu_validasi": null, "administrator": null}}, {"model": "rumah_sakit.rumahsakit", "pk": 32, "fields": {"nama": "RSUD Sidoarjo", "akun": 38, "foto_profil": "foto_profil_rumah_sakit/IMG_20170205_195053_711_83kH8Re.jpg", "dokumen": "", "url_website": "www.bethesda.or.id", "provinsi": "Jawa Timur", "kabupaten_kota": "Sidoarjo", "kecamatan": "-", "kelurahan": "-", "kode_pos": "61215", "fax": "031-8943237", "nomor_telepon": "031-8961649", "lokasi_rumah_sakit_lintang": "-", "lokasi_rumah_sakit_bujur": "-", "status_validasi": "request", "waktu_validasi": null, "administrator": null}}, {"model": "rumah_sakit.rumahsakit", "pk": 33, "fields": {"nama": "RSU MMC", "akun": 39, "foto_profil": "foto_profil_rumah_sakit/IMG_20170205_195053_711_ocuiE8r.jpg", "dokumen": "", "url_website": "www.rsmmc.co.id", "provinsi": "DKI JAKARTA", "kabupaten_kota": "Jakarta Selatan", "kecamatan": "-", "kelurahan": "-", "kode_pos": "16911", "fax": "021-5203417", "nomor_telepon": "021-5203435", "lokasi_rumah_sakit_lintang": "-", "lokasi_rumah_sakit_bujur": "-", "status_validasi": "request", "waktu_validasi": null, "administrator": null}}, {"model": "rumah_sakit.rumahsakit", "pk": 34, "fields": {"nama": "RSUD Tugurejo Semarang", "akun": 40, "foto_profil": "foto_profil_rumah_sakit/IMG_20170205_195053_711_mOf2dAA.jpg", "dokumen": "", "url_website": "www.rstugurejo.com", "provinsi": "Jawa Tengah", "kabupaten_kota": "Kota Semarang", "kecamatan": "-", "kelurahan": "-", "kode_pos": "50185", "fax": "024-7604398", "nomor_telepon": "024-7605378", "lokasi_rumah_sakit_lintang": "-", "lokasi_rumah_sakit_bujur": "-", "status_validasi": "request", "waktu_validasi": null, "administrator": null}}, {"model": "rumah_sakit.rumahsakit", "pk": 35, "fields": {"nama": "RS Khusus Bedah BIMC", "akun": 41, "foto_profil": "foto_profil_rumah_sakit/IMG_20170205_195053_711_JJMaa5G.jpg", "dokumen": "", "url_website": "info@bimcbali.com", "provinsi": "Bali", "kabupaten_kota": "Badung", "kecamatan": "-", "kelurahan": "-", "kode_pos": "80361", "fax": "0361-764345", "nomor_telepon": "0361-761263", "lokasi_rumah_sakit_lintang": "-", "lokasi_rumah_sakit_bujur": "-", "status_validasi": "request", "waktu_validasi": null, "administrator": null}}, {"model": "rumah_sakit.rumahsakit", "pk": 36, "fields": {"nama": "RSU Awal Bros", "akun": 42, "foto_profil": "foto_profil_rumah_sakit/IMG_20170205_195053_711_ejv19A2.jpg", "dokumen": "", "url_website": "mkt.bks@awalbros.com", "provinsi": "JAWA BARAT", "kabupaten_kota": "Kota Bekasi", "kecamatan": "-", "kelurahan": "-", "kode_pos": "17144", "fax": "021-8855210", "nomor_telepon": "021-8868888", "lokasi_rumah_sakit_lintang": "-", "lokasi_rumah_sakit_bujur": "-", "status_validasi": "request", "waktu_validasi": null, "administrator": null}}, {"model": "rumah_sakit.rumahsakit", "pk": 37, "fields": {"nama": "RSU St.Antonius", "akun": 43, "foto_profil": "foto_profil_rumah_sakit/IMG_20170205_195053_711_tHNm104.jpg", "dokumen": "", "url_website": "www.rsustantonius.com", "provinsi": "KALIMANTAN BARAT", "kabupaten_kota": "Kota Pontianak", "kecamatan": "-", "kelurahan": "-", "kode_pos": "78112", "fax": "0561-742242", "nomor_telepon": "0561-732101", "lokasi_rumah_sakit_lintang": "-", "lokasi_rumah_sakit_bujur": "-", "status_validasi": "request", "waktu_validasi": null, "administrator": null}}, {"model": "rumah_sakit.rumahsakit", "pk": 38, "fields": {"nama": "RSUD Datu Beru Takengon", "akun": 44, "foto_profil": "foto_profil_rumah_sakit/IMG_20170205_195053_711_obdlLUL.jpg", "dokumen": "", "url_website": "www.rsudb.acehtengahkab.go.id", "provinsi": "N.A.D.", "kabupaten_kota": "Aceh Tengah", "kecamatan": "-", "kelurahan": "-", "kode_pos": "24551", "fax": "0643-21396", "nomor_telepon": "0643-21126", "lokasi_rumah_sakit_lintang": "-", "lokasi_rumah_sakit_bujur": "-", "status_validasi": "request", "waktu_validasi": null, "administrator": null}}, {"model": "rumah_sakit.rumahsakit", "pk": 39, "fields": {"nama": "RS Jiwa Dr.R.M.Soedjarwadi Klaten", "akun": 45, "foto_profil": "foto_profil_rumah_sakit/IMG_20170205_195053_711_64GgJg4.jpg", "dokumen": "", "url_website": "rsjd-sujarwadi.jatengprov.go.id", "provinsi": "Jawa Tengah", "kabupaten_kota": "Klaten", "kecamatan": "-", "kelurahan": "-", "kode_pos": "57461", "fax": "0272-321418", "nomor_telepon": "0272-321435", "lokasi_rumah_sakit_lintang": "-", "lokasi_rumah_sakit_bujur": "-", "status_validasi": "request", "waktu_validasi": null, "administrator": null}}, {"model": "rumah_sakit.rumahsakit", "pk": 40, "fields": {"nama": "RSU Hermina Grand Wisata", "akun": 46, "foto_profil": "foto_profil_rumah_sakit/IMG_20170205_195053_711_FWI8DUU.jpg", "dokumen": "", "url_website": "WWW.HERMINAHOSPITALGROUP.COM", "provinsi": "Jawa Barat", "kabupaten_kota": "Bekasi", "kecamatan": "-", "kelurahan": "-", "kode_pos": "-", "fax": "021-8252963", "nomor_telepon": "021-82651212", "lokasi_rumah_sakit_lintang": "-", "lokasi_rumah_sakit_bujur": "-", "status_validasi": "request", "waktu_validasi": null, "administrator": null}}, {"model": "rumah_sakit.rumahsakit", "pk": 41, "fields": {"nama": "RSU Haji Jakarta", "akun": 47, "foto_profil": "foto_profil_rumah_sakit/IMG_20170205_195053_711_bhiXx5m.jpg", "dokumen": "", "url_website": "-", "provinsi": "DKI JAKARTA", "kabupaten_kota": "Jakarta Timur", "kecamatan": "-", "kelurahan": "-", "kode_pos": "-", "fax": "021-8000702", "nomor_telepon": "021-8000693", "lokasi_rumah_sakit_lintang": "-", "lokasi_rumah_sakit_bujur": "-", "status_validasi": "request", "waktu_validasi": null, "administrator": null}}, {"model": "rumah_sakit.rumahsakit", "pk": 42, "fields": {"nama": "RSU Bethsaida", "akun": 48, "foto_profil": "foto_profil_rumah_sakit/IMG_20170205_195053_711_fb7UHgp.jpg", "dokumen": "", "url_website": "www.bethsaidahospitals.com", "provinsi": "BANTEN", "kabupaten_kota": "Tangerang", "kecamatan": "-", "kelurahan": "-", "kode_pos": "15810", "fax": "021 2930 5999", "nomor_telepon": "021-29309999", "lokasi_rumah_sakit_lintang": "-", "lokasi_rumah_sakit_bujur": "-", "status_validasi": "request", "waktu_validasi": null, "administrator": null}}, {"model": "rumah_sakit.rumahsakit", "pk": 43, "fields": {"nama": "RSUP Dr. Mohammad Hoesin", "akun": 49, "foto_profil": "foto_profil_rumah_sakit/IMG_20170205_195053_711_4sM4RXg.jpg", "dokumen": "", "url_website": "www.bethsaidahospitals.com", "provinsi": "SUMATERA SELATAN", "kabupaten_kota": "Kota Palembang", "kecamatan": "-", "kelurahan": "-", "kode_pos": "30126", "fax": "0711-351318", "nomor_telepon": "0711-354088", "lokasi_rumah_sakit_lintang": "-", "lokasi_rumah_sakit_bujur": "-", "status_validasi": "request", "waktu_validasi": null, "administrator": null}}, {"model": "rumah_sakit.rumahsakit", "pk": 44, "fields": {"nama": "RSU Santa Theresia", "akun": 50, "foto_profil": "foto_profil_rumah_sakit/IMG_20170205_195053_711_SObp6Rx.jpg", "dokumen": "", "url_website": "-", "provinsi": "Jambi", "kabupaten_kota": "Kota Jambi", "kecamatan": "-", "kelurahan": "-", "kode_pos": "36113", "fax": "0741-20832", "nomor_telepon": "0741-23119", "lokasi_rumah_sakit_lintang": "-", "lokasi_rumah_sakit_bujur": "-", "status_validasi": "request", "waktu_validasi": null, "administrator": null}}, {"model": "rumah_sakit.rumahsakit", "pk": 45, "fields": {"nama": "RSU Santa Theresia", "akun": 51, "foto_profil": "foto_profil_rumah_sakit/IMG_20170205_195053_711_oDRnyH6.jpg", "dokumen": "", "url_website": "-", "provinsi": "DKI JAKARTA", "kabupaten_kota": "Jakarta Selatan", "kecamatan": "-", "kelurahan": "-", "kode_pos": "-", "fax": "021-5210184", "nomor_telepon": "021-5210200", "lokasi_rumah_sakit_lintang": "-", "lokasi_rumah_sakit_bujur": "-", "status_validasi": "request", "waktu_validasi": null, "administrator": null}}, {"model": "rumah_sakit.rumahsakit", "pk": 46, "fields": {"nama": "RSU Sint Carolus", "akun": 52, "foto_profil": "foto_profil_rumah_sakit/IMG_20170205_195053_711_lWouXnJ.jpg", "dokumen": "", "url_website": "www.rscarolus.or.id", "provinsi": "DKI JAKARTA", "kabupaten_kota": "Jakarta Selatan", "kecamatan": "-", "kelurahan": "-", "kode_pos": "10440", "fax": "021-3103226", "nomor_telepon": "021-3904441", "lokasi_rumah_sakit_lintang": "-", "lokasi_rumah_sakit_bujur": "-", "status_validasi": "request", "waktu_validasi": null, "administrator": null}}, {"model": "rumah_sakit.rumahsakit", "pk": 47, "fields": {"nama": "RSU UKI", "akun": 53, "foto_profil": "foto_profil_rumah_sakit/IMG_20170205_195053_711_ySZVSCo.jpg", "dokumen": "", "url_website": "-", "provinsi": "DKI JAKARTA", "kabupaten_kota": "Jakarta Timur", "kecamatan": "-", "kelurahan": "-", "kode_pos": "13630", "fax": "021-8092445", "nomor_telepon": "021-8092317", "lokasi_rumah_sakit_lintang": "-", "lokasi_rumah_sakit_bujur": "-", "status_validasi": "request", "waktu_validasi": null, "administrator": null}}, {"model": "rumah_sakit.rumahsakit", "pk": 48, "fields": {"nama": "RSU Mitra Plumbon", "akun": 54, "foto_profil": "foto_profil_rumah_sakit/IMG_20170205_195053_711_ji4MekT.jpg", "dokumen": "", "url_website": "-", "provinsi": "JAWA BARAT", "kabupaten_kota": "Cirebon", "kecamatan": "-", "kelurahan": "-", "kode_pos": "45155", "fax": "322355", "nomor_telepon": "323100", "lokasi_rumah_sakit_lintang": "-", "lokasi_rumah_sakit_bujur": "-", "status_validasi": "request", "waktu_validasi": null, "administrator": null}}, {"model": "rumah_sakit.rumahsakit", "pk": 49, "fields": {"nama": "RSUD Kab. Jombang", "akun": 55, "foto_profil": "foto_profil_rumah_sakit/IMG_20170205_195053_711_mE3Qoyi.jpg", "dokumen": "", "url_website": "www.rsudkabjombang.com", "provinsi": "JAWA BARAT", "kabupaten_kota": "Cirebon", "kecamatan": "-", "kelurahan": "-", "kode_pos": "61411", "fax": "0321-879316", "nomor_telepon": "0321-863502", "lokasi_rumah_sakit_lintang": "-", "lokasi_rumah_sakit_bujur": "-", "status_validasi": "request", "waktu_validasi": null, "administrator": null}}, {"model": "rumah_sakit.rumahsakit", "pk": 50, "fields": {"nama": "RS Kanker Dharmais", "akun": 56, "foto_profil": "foto_profil_rumah_sakit/IMG_20170205_195053_711_V1qjUvU.jpg", "dokumen": "", "url_website": "www.dharmais.com", "provinsi": "DKI JAKARTA", "kabupaten_kota": "Cirebon", "kecamatan": "-", "kelurahan": "-", "kode_pos": "11420", "fax": "021-5681579", "nomor_telepon": "021-5681570", "lokasi_rumah_sakit_lintang": "-", "lokasi_rumah_sakit_bujur": "-", "status_validasi": "request", "waktu_validasi": null, "administrator": null}}, {"model": "rumah_sakit.rumahsakit", "pk": 51, "fields": {"nama": "RSUD Haji Surabaya", "akun": 57, "foto_profil": "foto_profil_rumah_sakit/IMG_20170205_195053_711_9QszWkX.jpg", "dokumen": "", "url_website": "rsuhaji.jatimprov.go.id", "provinsi": "JAWA TIMUR", "kabupaten_kota": "Kota Surabaya", "kecamatan": "-", "kelurahan": "-", "kode_pos": "60177", "fax": "031-5947890", "nomor_telepon": "031-5924000", "lokasi_rumah_sakit_lintang": "-", "lokasi_rumah_sakit_bujur": "-", "status_validasi": "request", "waktu_validasi": null, "administrator": null}}, {"model": "rumah_sakit.rumahsakit", "pk": 52, "fields": {"nama": "RSUD Haji Surabaya", "akun": 58, "foto_profil": "foto_profil_rumah_sakit/IMG_20170205_195053_711_lfGjW5q.jpg", "dokumen": "", "url_website": "http://rsjd-surakarta.jatengprov.go.id", "provinsi": "JAWA TENGAH", "kabupaten_kota": "Kota Surakarta", "kecamatan": "-", "kelurahan": "-", "kode_pos": "57126", "fax": "0271-641442", "nomor_telepon": "0271-648920", "lokasi_rumah_sakit_lintang": "-", "lokasi_rumah_sakit_bujur": "-", "status_validasi": "request", "waktu_validasi": null, "administrator": null}}, {"model": "rumah_sakit.rumahsakit", "pk": 53, "fields": {"nama": "RSUD Sumedang", "akun": 59, "foto_profil": "foto_profil_rumah_sakit/IMG_20170205_195053_711_hLEfoHF.jpg", "dokumen": "", "url_website": "rsudsumedang.com", "provinsi": "Jawa Barat", "kabupaten_kota": "Sumedang", "kecamatan": "-", "kelurahan": "-", "kode_pos": "45311", "fax": "0261-204970", "nomor_telepon": "0261-201021", "lokasi_rumah_sakit_lintang": "-", "lokasi_rumah_sakit_bujur": "-", "status_validasi": "request", "waktu_validasi": null, "administrator": null}}, {"model": "rumah_sakit.rumahsakit", "pk": 54, "fields": {"nama": "RSUP H. Adam Malik", "akun": 60, "foto_profil": "foto_profil_rumah_sakit/IMG_20170205_195053_711_HdJcSBE.jpg", "dokumen": "", "url_website": "http://www.rsham.co.id", "provinsi": "SUMATERA UTARA", "kabupaten_kota": "Sumedang", "kecamatan": "-", "kelurahan": "-", "kode_pos": "20136", "fax": "061-8360255", "nomor_telepon": "061-8360051", "lokasi_rumah_sakit_lintang": "-", "lokasi_rumah_sakit_bujur": "-", "status_validasi": "request", "waktu_validasi": null, "administrator": null}}, {"model": "rumah_sakit.rumahsakit", "pk": 55, "fields": {"nama": "RSUP H. Adam Malik", "akun": 61, "foto_profil": "foto_profil_rumah_sakit/IMG_20170205_195053_711_rvVZb3C.jpg", "dokumen": "", "url_website": "-", "provinsi": "SUMATERA UTARA", "kabupaten_kota": "Sumedang", "kecamatan": "-", "kelurahan": "-", "kode_pos": "12930", "fax": "-", "nomor_telepon": "12930", "lokasi_rumah_sakit_lintang": "-", "lokasi_rumah_sakit_bujur": "-", "status_validasi": "request", "waktu_validasi": null, "administrator": null}}, {"model": "rumah_sakit.rumahsakit", "pk": 56, "fields": {"nama": "RSU Sekar Kamulyan", "akun": 62, "foto_profil": "foto_profil_rumah_sakit/IMG_20170205_195053_711_2ruC1yg.jpg", "dokumen": "", "url_website": "www.rssekarkamulyan.com", "provinsi": "Jawa Barat", "kabupaten_kota": "Kuningan", "kecamatan": "-", "kelurahan": "-", "kode_pos": "0232", "fax": "875516", "nomor_telepon": "873206", "lokasi_rumah_sakit_lintang": "-", "lokasi_rumah_sakit_bujur": "-", "status_validasi": "request", "waktu_validasi": null, "administrator": null}}, {"model": "rumah_sakit.rumahsakit", "pk": 57, "fields": {"nama": "RS Hermina Serpong", "akun": 2, "foto_profil": "foto_profil_rumah_sakit/IMG_20170205_195053_711_ofrw7SX.jpg", "dokumen": "", "url_website": "www.herminahospitalgroup.com", "provinsi": "BANTEN", "kabupaten_kota": "Kota Tangerang Selatan", "kecamatan": "-", "kelurahan": "-", "kode_pos": "15310", "fax": "021 75883704", "nomor_telepon": "021 75884999", "lokasi_rumah_sakit_lintang": "-", "lokasi_rumah_sakit_bujur": "-", "status_validasi": "request", "waktu_validasi": null, "administrator": 1}}, {"model": "rumah_sakit.rumahsakit", "pk": 58, "fields": {"nama": "RSU Hermina Galaxy", "akun": 2, "foto_profil": "foto_profil_rumah_sakit/IMG_20170205_195053_711_FOyVm7C.jpg", "dokumen": "", "url_website": "galaxy@herminahospitalgroup.com", "provinsi": "Jawa Barat", "kabupaten_kota": "Kota Bekasi", "kecamatan": "-", "kelurahan": "-", "kode_pos": "17147", "fax": "021-82414130", "nomor_telepon": "021-8222525", "lokasi_rumah_sakit_lintang": "-", "lokasi_rumah_sakit_bujur": "-", "status_validasi": "request", "waktu_validasi": null, "administrator": 1}}, {"model": "rumah_sakit.rumahsakit", "pk": 59, "fields": {"nama": "RSUP Dr. Soeradji Tirtonegoro", "akun": 2, "foto_profil": "foto_profil_rumah_sakit/IMG_20170205_195053_711_LAKAd0m.jpg", "dokumen": "", "url_website": "http://www.rsupsoeradjitirtonegoro.co.id", "provinsi": "Jawa Tengah", "kabupaten_kota": "Klaten", "kecamatan": "-", "kelurahan": "-", "kode_pos": "57424", "fax": "0272-321104", "nomor_telepon": "0272-321020", "lokasi_rumah_sakit_lintang": "-", "lokasi_rumah_sakit_bujur": "-", "status_validasi": "request", "waktu_validasi": null, "administrator": 1}}, {"model": "rumah_sakit.rumahsakit", "pk": 60, "fields": {"nama": "RSU Jakarta", "akun": 2, "foto_profil": "foto_profil_rumah_sakit/IMG_20170205_195053_711_iXRckpU.jpg", "dokumen": "", "url_website": "rsjakarta.co.id", "provinsi": "DKI Jakarta", "kabupaten_kota": "Jakarta Selatan", "kecamatan": "-", "kelurahan": "-", "kode_pos": "12930", "fax": "5710249", "nomor_telepon": "5732241", "lokasi_rumah_sakit_lintang": "-", "lokasi_rumah_sakit_bujur": "-", "status_validasi": "request", "waktu_validasi": null, "administrator": 1}}, {"model": "rumah_sakit.fotorumahsakit", "pk": 1, "fields": {"rumah_sakit": 11, "foto_rumah_sakit": "foto_rumah_sakit/DSC_0063.JPG"}}, {"model": "rumah_sakit.jenisfasilitas", "pk": 1, "fields": {"fasilitas": "Ruang Bedah", "deskripsi": "ruang bedah"}}, {"model": "rumah_sakit.jenisfasilitas", "pk": 2, "fields": {"fasilitas": "Ruang Rawat", "deskripsi": "ruang rawat"}}, {"model": "rumah_sakit.jenisfasilitas", "pk": 3, "fields": {"fasilitas": "Ruang Jenazah", "deskripsi": "ruang jenazah"}}, {"model": "rumah_sakit.fasilitasrumahsakit", "pk": 1, "fields": {"jenis_fasilitas": 3, "rumah_sakit": 11, "sub_fasilitas": "Jenazah Baru", "jumlah": 2, "deskripsi": "ruang bedah"}}, {"model": "rumah_sakit.spesialis", "pk": 1, "fields": {"jenis_spesialis": "Spesialis Anak", "deskripsi": "Spesialis Anak"}}, {"model": "rumah_sakit.spesialis", "pk": 2, "fields": {"jenis_spesialis": "Spesialis Anestesiologi dan Terapi Intensif", "deskripsi": "Spesialis Anestesiologi dan Terapi Intensif"}}, {"model": "rumah_sakit.spesialis", "pk": 3, "fields": {"jenis_spesialis": "Spesialis Andrologi", "deskripsi": "Spesialis Andrologi"}}, {"model": "rumah_sakit.spesialis", "pk": 4, "fields": {"jenis_spesialis": "Spesialis Akupunktur Klinik", "deskripsi": "Spesialis Akupunktur Klinik"}}, {"model": "rumah_sakit.spesialis", "pk": 5, "fields": {"jenis_spesialis": "Spesialis Bedah", "deskripsi": "Spesialis Bedah"}}, {"model": "rumah_sakit.spesialis", "pk": 6, "fields": {"jenis_spesialis": "Spesialis Bedah Anak", "deskripsi": "Spesialis Bedah Anak"}}, {"model": "rumah_sakit.spesialis", "pk": 7, "fields": {"jenis_spesialis": "Spesialis Bedah Mulut dan Maksilofasial", "deskripsi": "Spesialis Bedah Mulut dan Maksilofasial (Semua Bedah termasuk, sumbing dan pencabutan gigi yang sulit) (Dokter gigi)"}}, {"model": "rumah_sakit.spesialis", "pk": 8, "fields": {"jenis_spesialis": "Spesialis Bedah Plastik Rekonstruksi dan Estetik", "deskripsi": "Spesialis Bedah Plastik Rekonstruksi dan Estetik"}}, {"model": "rumah_sakit.spesialis", "pk": 9, "fields": {"jenis_spesialis": "Spesialis Bedah Saraf", "deskripsi": "Spesialis Bedah Saraf"}}, {"model": "rumah_sakit.spesialis", "pk": 10, "fields": {"jenis_spesialis": "Spesialis Bedah Toraks dan Kardiovaskular", "deskripsi": "Spesialis Bedah Toraks dan Kardiovaskular"}}, {"model": "rumah_sakit.spesialis", "pk": 11, "fields": {"jenis_spesialis": "Spesialis Kedokteran Forensik & Medikolegal", "deskripsi": "Spesialis Kedokteran Forensik & Medikolegal"}}, {"model": "rumah_sakit.spesialis", "pk": 12, "fields": {"jenis_spesialis": "Spesialis Farmakologi Klinik", "deskripsi": "Spesialis Farmakologi Klinik"}}, {"model": "rumah_sakit.spesialis", "pk": 13, "fields": {"jenis_spesialis": "Spesialis Gizi Klinik", "deskripsi": "Spesialis Gizi Klinik"}}, {"model": "rumah_sakit.spesialis", "pk": 14, "fields": {"jenis_spesialis": "Spesialis Jantung dan Pembuluh Darah", "deskripsi": "Spesialis Jantung dan Pembuluh Darah"}}, {"model": "rumah_sakit.spesialis", "pk": 15, "fields": {"jenis_spesialis": "Spesialis Kedokteran Fisik dan Rehabilitasi/ Spesialis Rehabilitasi Medik", "deskripsi": "Spesialis Kedokteran Fisik dan Rehabilitasi dahulu Spesialis Rehabilitasi Medik (Sp.RM)"}}, {"model": "rumah_sakit.spesialis", "pk": 16, "fields": {"jenis_spesialis": "Spesialis Konservasi Gigi", "deskripsi": "Spesialis Konservasi Gigi (Endodontik, pengawetan gigi, sedapat mungkin mempertahankan gigi yang ada termasuk penambalan lubang yang besar dan perawatan akar gigi) (Dokter Gigi)"}}, {"model": "rumah_sakit.spesialis", "pk": 17, "fields": {"jenis_spesialis": "Spesialis Kedokteran Gigi Anak", "deskripsi": "Spesialis Kedokteran Gigi Anak (Pedodontik) (Dokter Gigi)"}}, {"model": "rumah_sakit.spesialis", "pk": 18, "fields": {"jenis_spesialis": "Spesialis Kedokteran Jiwa atau Psikiatri", "deskripsi": "Spesialis Kedokteran Jiwa atau Psikiatri"}}, {"model": "rumah_sakit.spesialis", "pk": 19, "fields": {"jenis_spesialis": "Spesialis Kedokteran Penerbangan", "deskripsi": "Spesialis Kedokteran Penerbangan"}}, {"model": "rumah_sakit.spesialis", "pk": 20, "fields": {"jenis_spesialis": "Spesialis Penyakit Kulit dan Kelamin", "deskripsi": "Spesialis Penyakit Kulit dan Kelamin"}}, {"model": "rumah_sakit.spesialis", "pk": 21, "fields": {"jenis_spesialis": "Spesialis Emergency Medic (Kedaruratan Medik)", "deskripsi": "Spesialis Emergency Medic (Kedaruratan Medik)"}}, {"model": "rumah_sakit.spesialis", "pk": 22, "fields": {"jenis_spesialis": "Spesialis Kedokteran Nuklir", "deskripsi": "Spesialis Kedokteran Nuklir"}}, {"model": "rumah_sakit.spesialis", "pk": 23, "fields": {"jenis_spesialis": "Spesialis Kedokteran Olahraga", "deskripsi": "Spesialis Kedokteran Olahraga"}}, {"model": "rumah_sakit.spesialis", "pk": 24, "fields": {"jenis_spesialis": "Spesialis Layanan Primer", "deskripsi": "Spesialis Layanan Primer"}}, {"model": "rumah_sakit.spesialis", "pk": 25, "fields": {"jenis_spesialis": "Spesialis Mata", "deskripsi": "Spesialis Mata"}}, {"model": "rumah_sakit.spesialis", "pk": 26, "fields": {"jenis_spesialis": "Spesialis Mikrobiologi Klinik", "deskripsi": "Spesialis Mikrobiologi Klinik"}}, {"model": "rumah_sakit.spesialis", "pk": 27, "fields": {"jenis_spesialis": "Spesialis Obstetri & Ginekologi (Kebidanan dan Kandungan)", "deskripsi": "Spesialis Obstetri & Ginekologi (Kebidanan dan Kandungan)"}}, {"model": "rumah_sakit.spesialis", "pk": 28, "fields": {"jenis_spesialis": "Spesialis Kedokteran Okupasi (Kerja)", "deskripsi": "Spesialis Kedokteran Okupasi (Kerja)"}}, {"model": "rumah_sakit.spesialis", "pk": 29, "fields": {"jenis_spesialis": "Spesialis Onkologi Radiasi", "deskripsi": "Spesialis Onkologi Radiasi"}}, {"model": "rumah_sakit.spesialis", "pk": 30, "fields": {"jenis_spesialis": "Spesialis Ortodonsia", "deskripsi": "Spesialis Ortodonsia (Perawatan Maloklusi, Merapikan gigi dengan kawat gigi termasuk pencabutan gigi, jika diperlukan) (Dokter Gigi)"}}, {"model": "rumah_sakit.spesialis", "pk": 31, "fields": {"jenis_spesialis": "Spesialis Bedah Orthopaedi dan Traumatologi", "deskripsi": "Spesialis Bedah Orthopaedi dan Traumatologi"}}, {"model": "rumah_sakit.spesialis", "pk": 32, "fields": {"jenis_spesialis": "Spesialis Pulmonologi dan Kedokteran Respirasi (Paru)", "deskripsi": "Spesialis Pulmonologi dan Kedokteran Respirasi (Paru)"}}, {"model": "rumah_sakit.spesialis", "pk": 33, "fields": {"jenis_spesialis": "Spesialis Parasitologi Klinik", "deskripsi": "Spesialis Parasitologi Klinik"}}, {"model": "rumah_sakit.spesialis", "pk": 34, "fields": {"jenis_spesialis": "Spesialis Periodonsia", "deskripsi": "Spesialis Periodonsia"}}, {"model": "rumah_sakit.spesialis", "pk": 35, "fields": {"jenis_spesialis": "Spesialis Patologi Anatomi", "deskripsi": "Spesialis Patologi Anatomi"}}, {"model": "rumah_sakit.spesialis", "pk": 36, "fields": {"jenis_spesialis": "Spesialis Penyakit Dalam", "deskripsi": "Spesialis Penyakit Dalam"}}, {"model": "rumah_sakit.spesialis", "pk": 37, "fields": {"jenis_spesialis": "Spesialis Patologi Klinik", "deskripsi": "Spesialis Patologi Klinik"}}, {"model": "rumah_sakit.spesialis", "pk": 38, "fields": {"jenis_spesialis": "Spesialis Penyakit Mulut (Dokter Gigi)", "deskripsi": "Spesialis Penyakit Mulut (Dokter Gigi)"}}, {"model": "rumah_sakit.spesialis", "pk": 39, "fields": {"jenis_spesialis": "Spesialis Prostodonsia", "deskripsi": "Spesialis Prostodonsia"}}, {"model": "rumah_sakit.spesialis", "pk": 40, "fields": {"jenis_spesialis": "Spesialis Radiologi", "deskripsi": "Spesialis Radiologi"}}, {"model": "rumah_sakit.spesialis", "pk": 41, "fields": {"jenis_spesialis": "Spesialis Radiologi Kedokteran Gigi", "deskripsi": "Spesialis Radiologi Kedokteran Gigi"}}, {"model": "rumah_sakit.spesialis", "pk": 42, "fields": {"jenis_spesialis": "Spesialis Saraf", "deskripsi": "Spesialis Saraf"}}, {"model": "rumah_sakit.spesialis", "pk": 43, "fields": {"jenis_spesialis": "Spesialis Telinga Hidung Tenggorok-Bedah Kepala Leher", "deskripsi": "Spesialis Telinga Hidung Tenggorok-Bedah Kepala Leher"}}, {"model": "rumah_sakit.spesialis", "pk": 44, "fields": {"jenis_spesialis": "Spesialis Urologi", "deskripsi": "Spesialis Urologi"}}, {"model": "rumah_sakit.spesialis", "pk": 45, "fields": {"jenis_spesialis": "Spesialis Geriatri", "deskripsi": "Spesialis Geriatri (sedang dikaji)"}}, {"model": "rumah_sakit.dokter", "pk": 1, "fields": {"nama": "dr.Ganteng Sirait", "email": "dianganteng50@gmail.com", "nomor_telepon": "082272574594", "rumah_sakit": 11, "spesialis": 14}}, {"model": "rumah_sakit.penyakit", "pk": 1, "fields": {"nama": "Gagal Jantung", "gejala": "gagal jantung", "spesialis": 14}}, {"model": "utama.administrator", "pk": 1, "fields": {"akun": 3, "nama": "Administrator", "alamat": "Laguboti, Asrama Del", "jenis_kelamin": "pria", "nomor_telepon": "082272574594", "foto_profil": "foto_profil_administrator/01.jpg"}}, {"model": "utama.berita", "pk": 1, "fields": {"judul": "sdf", "isi": "sdadas", "waktu": "2017-06-06T13:15:55.849Z", "administrator": 1, "foto_berita": ""}}, {"model": "auth.permission", "pk": 1, "fields": {"name": "Can add log entry", "content_type": 1, "codename": "add_logentry"}}, {"model": "auth.permission", "pk": 2, "fields": {"name": "Can change log entry", "content_type": 1, "codename": "change_logentry"}}, {"model": "auth.permission", "pk": 3, "fields": {"name": "Can delete log entry", "content_type": 1, "codename": "delete_logentry"}}, {"model": "auth.permission", "pk": 4, "fields": {"name": "Can add group", "content_type": 2, "codename": "add_group"}}, {"model": "auth.permission", "pk": 5, "fields": {"name": "Can change group", "content_type": 2, "codename": "change_group"}}, {"model": "auth.permission", "pk": 6, "fields": {"name": "Can delete group", "content_type": 2, "codename": "delete_group"}}, {"model": "auth.permission", "pk": 7, "fields": {"name": "Can add user", "content_type": 3, "codename": "add_user"}}, {"model": "auth.permission", "pk": 8, "fields": {"name": "Can change user", "content_type": 3, "codename": "change_user"}}, {"model": "auth.permission", "pk": 9, "fields": {"name": "Can delete user", "content_type": 3, "codename": "delete_user"}}, {"model": "auth.permission", "pk": 10, "fields": {"name": "Can add permission", "content_type": 4, "codename": "add_permission"}}, {"model": "auth.permission", "pk": 11, "fields": {"name": "Can change permission", "content_type": 4, "codename": "change_permission"}}, {"model": "auth.permission", "pk": 12, "fields": {"name": "Can delete permission", "content_type": 4, "codename": "delete_permission"}}, {"model": "auth.permission", "pk": 13, "fields": {"name": "Can add content type", "content_type": 5, "codename": "add_contenttype"}}, {"model": "auth.permission", "pk": 14, "fields": {"name": "Can change content type", "content_type": 5, "codename": "change_contenttype"}}, {"model": "auth.permission", "pk": 15, "fields": {"name": "Can delete content type", "content_type": 5, "codename": "delete_contenttype"}}, {"model": "auth.permission", "pk": 16, "fields": {"name": "Can add session", "content_type": 6, "codename": "add_session"}}, {"model": "auth.permission", "pk": 17, "fields": {"name": "Can change session", "content_type": 6, "codename": "change_session"}}, {"model": "auth.permission", "pk": 18, "fields": {"name": "Can delete session", "content_type": 6, "codename": "delete_session"}}, {"model": "auth.permission", "pk": 19, "fields": {"name": "Can add review", "content_type": 7, "codename": "add_review"}}, {"model": "auth.permission", "pk": 20, "fields": {"name": "Can change review", "content_type": 7, "codename": "change_review"}}, {"model": "auth.permission", "pk": 21, "fields": {"name": "Can delete review", "content_type": 7, "codename": "delete_review"}}, {"model": "auth.permission", "pk": 22, "fields": {"name": "Can add pengunjung", "content_type": 8, "codename": "add_pengunjung"}}, {"model": "auth.permission", "pk": 23, "fields": {"name": "Can change pengunjung", "content_type": 8, "codename": "change_pengunjung"}}, {"model": "auth.permission", "pk": 24, "fields": {"name": "Can delete pengunjung", "content_type": 8, "codename": "delete_pengunjung"}}, {"model": "auth.permission", "pk": 25, "fields": {"name": "Can add foto review", "content_type": 9, "codename": "add_fotoreview"}}, {"model": "auth.permission", "pk": 26, "fields": {"name": "Can change foto review", "content_type": 9, "codename": "change_fotoreview"}}, {"model": "auth.permission", "pk": 27, "fields": {"name": "Can delete foto review", "content_type": 9, "codename": "delete_fotoreview"}}, {"model": "auth.permission", "pk": 28, "fields": {"name": "Can add asuransi", "content_type": 10, "codename": "add_asuransi"}}, {"model": "auth.permission", "pk": 29, "fields": {"name": "Can change asuransi", "content_type": 10, "codename": "change_asuransi"}}, {"model": "auth.permission", "pk": 30, "fields": {"name": "Can delete asuransi", "content_type": 10, "codename": "delete_asuransi"}}, {"model": "auth.permission", "pk": 31, "fields": {"name": "Can add hubungan rumah sakit asuransi", "content_type": 11, "codename": "add_hubunganrumahsakitasuransi"}}, {"model": "auth.permission", "pk": 32, "fields": {"name": "Can change hubungan rumah sakit asuransi", "content_type": 11, "codename": "change_hubunganrumahsakitasuransi"}}, {"model": "auth.permission", "pk": 33, "fields": {"name": "Can delete hubungan rumah sakit asuransi", "content_type": 11, "codename": "delete_hubunganrumahsakitasuransi"}}, {"model": "auth.permission", "pk": 34, "fields": {"name": "Can add spesialis", "content_type": 12, "codename": "add_spesialis"}}, {"model": "auth.permission", "pk": 35, "fields": {"name": "Can change spesialis", "content_type": 12, "codename": "change_spesialis"}}, {"model": "auth.permission", "pk": 36, "fields": {"name": "Can delete spesialis", "content_type": 12, "codename": "delete_spesialis"}}, {"model": "auth.permission", "pk": 37, "fields": {"name": "Can add jadwal dokter", "content_type": 13, "codename": "add_jadwaldokter"}}, {"model": "auth.permission", "pk": 38, "fields": {"name": "Can change jadwal dokter", "content_type": 13, "codename": "change_jadwaldokter"}}, {"model": "auth.permission", "pk": 39, "fields": {"name": "Can delete jadwal dokter", "content_type": 13, "codename": "delete_jadwaldokter"}}, {"model": "auth.permission", "pk": 40, "fields": {"name": "Can add foto rumah sakit", "content_type": 14, "codename": "add_fotorumahsakit"}}, {"model": "auth.permission", "pk": 41, "fields": {"name": "Can change foto rumah sakit", "content_type": 14, "codename": "change_fotorumahsakit"}}, {"model": "auth.permission", "pk": 42, "fields": {"name": "Can delete foto rumah sakit", "content_type": 14, "codename": "delete_fotorumahsakit"}}, {"model": "auth.permission", "pk": 43, "fields": {"name": "Can add rumah sakit", "content_type": 15, "codename": "add_rumahsakit"}}, {"model": "auth.permission", "pk": 44, "fields": {"name": "Can change rumah sakit", "content_type": 15, "codename": "change_rumahsakit"}}, {"model": "auth.permission", "pk": 45, "fields": {"name": "Can delete rumah sakit", "content_type": 15, "codename": "delete_rumahsakit"}}, {"model": "auth.permission", "pk": 46, "fields": {"name": "Can add penyakit", "content_type": 16, "codename": "add_penyakit"}}, {"model": "auth.permission", "pk": 47, "fields": {"name": "Can change penyakit", "content_type": 16, "codename": "change_penyakit"}}, {"model": "auth.permission", "pk": 48, "fields": {"name": "Can delete penyakit", "content_type": 16, "codename": "delete_penyakit"}}, {"model": "auth.permission", "pk": 49, "fields": {"name": "Can add jenis fasilitas", "content_type": 17, "codename": "add_jenisfasilitas"}}, {"model": "auth.permission", "pk": 50, "fields": {"name": "Can change jenis fasilitas", "content_type": 17, "codename": "change_jenisfasilitas"}}, {"model": "auth.permission", "pk": 51, "fields": {"name": "Can delete jenis fasilitas", "content_type": 17, "codename": "delete_jenisfasilitas"}}, {"model": "auth.permission", "pk": 52, "fields": {"name": "Can add dokter", "content_type": 18, "codename": "add_dokter"}}, {"model": "auth.permission", "pk": 53, "fields": {"name": "Can change dokter", "content_type": 18, "codename": "change_dokter"}}, {"model": "auth.permission", "pk": 54, "fields": {"name": "Can delete dokter", "content_type": 18, "codename": "delete_dokter"}}, {"model": "auth.permission", "pk": 55, "fields": {"name": "Can add fasilitas rumah sakit", "content_type": 19, "codename": "add_fasilitasrumahsakit"}}, {"model": "auth.permission", "pk": 56, "fields": {"name": "Can change fasilitas rumah sakit", "content_type": 19, "codename": "change_fasilitasrumahsakit"}}, {"model": "auth.permission", "pk": 57, "fields": {"name": "Can delete fasilitas rumah sakit", "content_type": 19, "codename": "delete_fasilitasrumahsakit"}}, {"model": "auth.permission", "pk": 58, "fields": {"name": "Can add akun", "content_type": 20, "codename": "add_akun"}}, {"model": "auth.permission", "pk": 59, "fields": {"name": "Can change akun", "content_type": 20, "codename": "change_akun"}}, {"model": "auth.permission", "pk": 60, "fields": {"name": "Can delete akun", "content_type": 20, "codename": "delete_akun"}}, {"model": "auth.permission", "pk": 61, "fields": {"name": "Can add administrator", "content_type": 21, "codename": "add_administrator"}}, {"model": "auth.permission", "pk": 62, "fields": {"name": "Can change administrator", "content_type": 21, "codename": "change_administrator"}}, {"model": "auth.permission", "pk": 63, "fields": {"name": "Can delete administrator", "content_type": 21, "codename": "delete_administrator"}}, {"model": "auth.permission", "pk": 64, "fields": {"name": "Can add berita", "content_type": 22, "codename": "add_berita"}}, {"model": "auth.permission", "pk": 65, "fields": {"name": "Can change berita", "content_type": 22, "codename": "change_berita"}}, {"model": "auth.permission", "pk": 66, "fields": {"name": "Can delete berita", "content_type": 22, "codename": "delete_berita"}}, {"model": "auth.user", "pk": 1, "fields": {"password": "pbkdf2_sha256$30000$hAtZqRyO8q6q$7VUuhCvSA8SdwRFy/obAVxpm+oQWvBZymxjgly+L1jI=", "last_login": "2017-06-06T04:49:32.958Z", "is_superuser": true, "username": "admin", "first_name": "", "last_name": "", "email": "admin@gmail.com", "is_staff": true, "is_active": true, "date_joined": "2017-06-06T01:15:05.851Z", "groups": [], "user_permissions": []}}, {"model": "auth.user", "pk": 2, "fields": {"password": "pbkdf2_sha256$30000$V3GJHPSOujIg$wbgjmiiG2xWgt+aFiKlNHyIQVxLXWmmzaibtQ9Ah2uY=", "last_login": "2017-06-06T01:27:27.620Z", "is_superuser": false, "username": "asuransi", "first_name": "", "last_name": "", "email": "asuransi@asuransi.com", "is_staff": false, "is_active": true, "date_joined": "2017-06-06T01:27:15.683Z", "groups": [], "user_permissions": []}}, {"model": "auth.user", "pk": 3, "fields": {"password": "pbkdf2_sha256$30000$YbMylXCWJ0AC$hVOqPDwfyN7XzHIGzWAoqhAupAj2C7tCQDGHQzm+b94=", "last_login": "2017-06-06T05:15:32.354Z", "is_superuser": false, "username": "rumah_sakit", "first_name": "", "last_name": "", "email": "rumah_sakit@rumahsakit.com", "is_staff": false, "is_active": true, "date_joined": "2017-06-06T04:40:03.299Z", "groups": [], "user_permissions": []}}, {"model": "auth.user", "pk": 4, "fields": {"password": "pbkdf2_sha256$30000$HVOAhUFDQbXw$q1aB9xdNTL82kao6a7lPH38LtdmCBKdS7qKFGOwiTk8=", "last_login": "2017-06-07T00:39:38.362Z", "is_superuser": false, "username": "administrator", "first_name": "", "last_name": "", "email": "", "is_staff": true, "is_active": true, "date_joined": "2017-06-06T04:49:49Z", "groups": [], "user_permissions": [1, 2, 3, 28, 29, 30, 31, 32, 33, 4, 5, 6, 10, 11, 12, 7, 8, 9, 13, 14, 15, 25, 26, 27, 22, 23, 24, 19, 20, 21, 52, 53, 54, 55, 56, 57, 40, 41, 42, 37, 38, 39, 49, 50, 51, 46, 47, 48, 43, 44, 45, 34, 35, 36, 16, 17, 18, 61, 62, 63, 58, 59, 60, 64, 65, 66]}}, {"model": "auth.user", "pk": 5, "fields": {"password": "pbkdf2_sha256$30000$TwjMnEZYtI4L$D3sIUYBNQfb8Ud+EP+45+pvtj4PbOS6L6WnPjjHxc8M=", "last_login": "2017-06-06T06:53:35.179Z", "is_superuser": false, "username": "user1", "first_name": "", "last_name": "", "email": "user1@gmail.com", "is_staff": false, "is_active": true, "date_joined": "2017-06-06T06:53:25.273Z", "groups": [], "user_permissions": []}}, {"model": "auth.user", "pk": 6, "fields": {"password": "pbkdf2_sha256$30000$fBIW7QLUHANt$OsQUyfk64/csOLZEAV7NoPNxcD5HXVHosI+8zGHe324=", "last_login": "2017-06-07T00:41:39.516Z", "is_superuser": false, "username": "rsup_h_adam_malik", "first_name": "", "last_name": "", "email": "admin@rsham.co.id", "is_staff": false, "is_active": true, "date_joined": "2017-06-06T07:20:08.527Z", "groups": [], "user_permissions": []}}, {"model": "auth.user", "pk": 7, "fields": {"password": "pbkdf2_sha256$30000$KlOCfdNQdFoD$Btoc39Xhvz6p5uN71dx8elAFcDi5Wzpf83JE+nGbJxo=", "last_login": "2017-06-06T09:32:52.901Z", "is_superuser": false, "username": "rsu_ibnu_saleh", "first_name": "", "last_name": "", "email": "a@a.gmail.com", "is_staff": false, "is_active": true, "date_joined": "2017-06-06T07:27:37.526Z", "groups": [], "user_permissions": []}}, {"model": "auth.user", "pk": 8, "fields": {"password": "pbkdf2_sha256$30000$sgMgxazsulZY$1YlPG5P84RK8+HNyu5z5AORgpVxnhTIM3m9GK40CnWs=", "last_login": null, "is_superuser": false, "username": "rsu_bunda_thamrin", "first_name": "", "last_name": "", "email": "a@a.gmail.com", "is_staff": false, "is_active": true, "date_joined": "2017-06-06T07:34:10.188Z", "groups": [], "user_permissions": []}}, {"model": "auth.user", "pk": 9, "fields": {"password": "pbkdf2_sha256$30000$5N7VW0NPZpCq$71GsuQW/Lf3JJwxcfv9TKqVoSRZBQRQpL87TQifh0PI=", "last_login": null, "is_superuser": false, "username": "rsu_ridos", "first_name": "", "last_name": "", "email": "a@a.gmail.com", "is_staff": false, "is_active": true, "date_joined": "2017-06-06T07:35:08.701Z", "groups": [], "user_permissions": []}}, {"model": "auth.user", "pk": 10, "fields": {"password": "pbkdf2_sha256$30000$8kkRxsUttwQR$SuLoDsoww2j5RnMlIjOfBGGlsopOC/W7GPEX9t2CAAM=", "last_login": null, "is_superuser": false, "username": "rsu_herna", "first_name": "", "last_name": "", "email": "a@a.gmail.com", "is_staff": false, "is_active": true, "date_joined": "2017-06-06T07:36:01.067Z", "groups": [], "user_permissions": []}}, {"model": "auth.user", "pk": 11, "fields": {"password": "pbkdf2_sha256$30000$ibbBD4Xhv7iY$Asq2iervdw3D60AQgnnQRgFRsuLsobK2oZ2ayrlL3RE=", "last_login": null, "is_superuser": false, "username": "rsu_al_belawan", "first_name": "", "last_name": "", "email": "a@a.gmail.com", "is_staff": false, "is_active": true, "date_joined": "2017-06-06T07:37:03.679Z", "groups": [], "user_permissions": []}}, {"model": "auth.user", "pk": 12, "fields": {"password": "pbkdf2_sha256$30000$X39lB7rjQcyU$q0+qyanJGSGcX7kKvoVrGnrr8DhK0umONyrGvxXftoU=", "last_login": null, "is_superuser": false, "username": "rsu_islam_malahayati", "first_name": "", "last_name": "", "email": "a@a.gmail.com", "is_staff": false, "is_active": true, "date_joined": "2017-06-06T07:38:01.039Z", "groups": [], "user_permissions": []}}, {"model": "auth.user", "pk": 13, "fields": {"password": "pbkdf2_sha256$30000$KviYjAUW4Co1$exqrWfjt6MxEQ0TIIJfy/l9utAaChAYriz5fpQu7Eqg=", "last_login": "2017-06-06T20:21:08.830Z", "is_superuser": false, "username": "rsu_mitra_medika", "first_name": "", "last_name": "", "email": "a@a.gmail.com", "is_staff": false, "is_active": true, "date_joined": "2017-06-06T07:38:55.298Z", "groups": [], "user_permissions": []}}, {"model": "auth.user", "pk": 14, "fields": {"password": "pbkdf2_sha256$30000$Nrp137ETwNoA$xTS1nRliMKz2yqzMxBkgeZTwhXVZZF9RbSh/PbnH56Q=", "last_login": null, "is_superuser": false, "username": "rsu_permata_bunda", "first_name": "", "last_name": "", "email": "a@a.gmail.com", "is_staff": false, "is_active": true, "date_joined": "2017-06-06T07:39:42.376Z", "groups": [], "user_permissions": []}}, {"model": "auth.user", "pk": 15, "fields": {"password": "pbkdf2_sha256$30000$gkM1p3S6Avc3$yzJwJrodEyxb+6MVN9hXt/GMbCiZR0iuRsaaXixWJDA=", "last_login": "2017-06-07T00:42:28.858Z", "is_superuser": false, "username": "rsu_bandung", "first_name": "", "last_name": "", "email": "a@a.gmail.com", "is_staff": false, "is_active": true, "date_joined": "2017-06-06T07:40:23.978Z", "groups": [], "user_permissions": []}}, {"model": "auth.user", "pk": 16, "fields": {"password": "pbkdf2_sha256$30000$GGxtd94gKOOo$gJTEewDlS1i+rvAG0x0jn/DraXQ64sxiZdSWbjf6M94=", "last_login": "2017-06-06T07:55:33.028Z", "is_superuser": false, "username": "bhakti_bhayangkara", "first_name": "", "last_name": "", "email": "a@gmail.com", "is_staff": false, "is_active": true, "date_joined": "2017-06-06T07:51:45.928Z", "groups": [], "user_permissions": []}}, {"model": "auth.user", "pk": 17, "fields": {"password": "pbkdf2_sha256$30000$dIb8zf8ir8rS$wHFzw7zBORtzIXOuRXysnHGc8/rS4nfuMtUpnl7V66k=", "last_login": "2017-06-07T00:40:15.042Z", "is_superuser": false, "username": "manulife", "first_name": "", "last_name": "", "email": "a@gmail.com", "is_staff": false, "is_active": true, "date_joined": "2017-06-06T07:57:46.267Z", "groups": [], "user_permissions": []}}, {"model": "auth.user", "pk": 18, "fields": {"password": "pbkdf2_sha256$30000$2tHWWKBb94q7$RMHWcN069jGV275TYvl14i3ZHy5M+aewIpWLLjEG+DE=", "last_login": "2017-06-07T01:13:54.048Z", "is_superuser": false, "username": "pengunjung", "first_name": "", "last_name": "", "email": "a@gmail.com", "is_staff": false, "is_active": true, "date_joined": "2017-06-06T08:02:54.031Z", "groups": [], "user_permissions": []}}, {"model": "auth.user", "pk": 19, "fields": {"password": "pbkdf2_sha256$30000$EV3SE7fYjbb0$bFlE7vcgM2ZEIGqGSIf7HL4AcAx1v2a3DsWUCkAxAE8=", "last_login": null, "is_superuser": false, "username": "rsud_simeulue", "first_name": "", "last_name": "", "email": "rsud_simeulue@gmail.com", "is_staff": false, "is_active": true, "date_joined": "2017-06-06T17:19:20.185Z", "groups": [], "user_permissions": []}}, {"model": "auth.user", "pk": 20, "fields": {"password": "pbkdf2_sha256$30000$fa2UCMA5tT2c$xnYK1jfPTcTci/wWNcbE+Fx0OtHnpombeZBlD5PKuVg=", "last_login": null, "is_superuser": false, "username": "rsu_yos_sudarso", "first_name": "", "last_name": "", "email": "rsyos@gmail.com", "is_staff": false, "is_active": true, "date_joined": "2017-06-06T17:34:18.363Z", "groups": [], "user_permissions": []}}, {"model": "auth.user", "pk": 21, "fields": {"password": "pbkdf2_sha256$30000$JGsCJPYz2ekV$f5teFA4S73yqAfSMWsIIzQqJGl1Q+UI0Y2h7OOPcJF0=", "last_login": null, "is_superuser": false, "username": "rsu_awal_bros_batam", "first_name": "", "last_name": "", "email": "mkt.btm@gmail.com", "is_staff": false, "is_active": true, "date_joined": "2017-06-06T17:39:24.624Z", "groups": [], "user_permissions": []}}, {"model": "auth.user", "pk": 22, "fields": {"password": "pbkdf2_sha256$30000$jVngz0oKKZnZ$62NjUyutZAeLpnmdQSyb3fRXKsP3FDetaSL67QRJqrE=", "last_login": null, "is_superuser": false, "username": "rsu_pantai_indah_kapuk", "first_name": "", "last_name": "", "email": "pikhospital@gmail.com", "is_staff": false, "is_active": true, "date_joined": "2017-06-06T17:42:25.398Z", "groups": [], "user_permissions": []}}, {"model": "auth.user", "pk": 23, "fields": {"password": "pbkdf2_sha256$30000$Rixe80XWX8JS$NRxActD0MYVeTJ+yG4nYOB8rHuRpZ2ne1F2y/cbYPCw=", "last_login": null, "is_superuser": false, "username": "rsud_wangaya", "first_name": "", "last_name": "", "email": "rsudwangaya@denpasar.go.id", "is_staff": false, "is_active": true, "date_joined": "2017-06-06T17:44:25.002Z", "groups": [], "user_permissions": []}}, {"model": "auth.user", "pk": 24, "fields": {"password": "pbkdf2_sha256$30000$6PTIunrurZSk$KvllXLGk3PXvTuQEu3cCnrkw7X1ET6yachybEQBIqqI=", "last_login": null, "is_superuser": false, "username": "pmn_rs_mata_cicendo", "first_name": "", "last_name": "", "email": "anggaran.rsmc@gmail.com", "is_staff": false, "is_active": true, "date_joined": "2017-06-06T17:46:11.763Z", "groups": [], "user_permissions": []}}, {"model": "auth.user", "pk": 25, "fields": {"password": "pbkdf2_sha256$30000$3OhHpieYdN8i$j1QxvCIwjlX81q7c4kNlgntv9a7xWU4cofGAfUIpLOI=", "last_login": null, "is_superuser": false, "username": "rsu_sultan_agung_semarang", "first_name": "", "last_name": "", "email": "rs@rsisultanagung.co.id", "is_staff": false, "is_active": true, "date_joined": "2017-06-06T17:50:09.324Z", "groups": [], "user_permissions": []}}, {"model": "auth.user", "pk": 26, "fields": {"password": "pbkdf2_sha256$30000$hOfKBXsujjkF$DUBoHVA4Xqu1cPgj4z8kOITV61jmCMwaSkFZ9Wz/r34=", "last_login": null, "is_superuser": false, "username": "rsu_siloam", "first_name": "", "last_name": "", "email": "rsusiloam@gmail.com", "is_staff": false, "is_active": true, "date_joined": "2017-06-06T17:51:59.048Z", "groups": [], "user_permissions": []}}, {"model": "auth.user", "pk": 27, "fields": {"password": "pbkdf2_sha256$30000$XrhAaXWFst6p$6VYyXb/UUaDBNitEElF7MzEHHjL4gSTHyMdG/cnkkJ8=", "last_login": null, "is_superuser": false, "username": "rumkit_tk_II_dustira_cimahi", "first_name": "", "last_name": "", "email": "rsdustira@yahoo.com", "is_staff": false, "is_active": true, "date_joined": "2017-06-06T17:54:15.248Z", "groups": [], "user_permissions": []}}, {"model": "auth.user", "pk": 28, "fields": {"password": "pbkdf2_sha256$30000$nRLxegiMqNV2$+SQcZ7cor1gEkGPzIEkcwAjzHoV9jqY7jxKYJKWPI/M=", "last_login": null, "is_superuser": false, "username": "rsup_sanglah", "first_name": "", "last_name": "", "email": "info@sanglahhospitalbali.com", "is_staff": false, "is_active": true, "date_joined": "2017-06-06T17:58:02.484Z", "groups": [], "user_permissions": []}}, {"model": "auth.user", "pk": 29, "fields": {"password": "pbkdf2_sha256$30000$TMAO5efcj0Us$l5UvzWWedRTRimv0DUkFmGsCHY2wb6047iXxZcZ1NEI=", "last_login": null, "is_superuser": false, "username": "rsu_islam_klaten", "first_name": "", "last_name": "", "email": "info@sanglahhospitalbali.com", "is_staff": false, "is_active": true, "date_joined": "2017-06-06T18:00:40.383Z", "groups": [], "user_permissions": []}}, {"model": "auth.user", "pk": 30, "fields": {"password": "pbkdf2_sha256$30000$lO7fNbJKopHr$Fc6oSlMfZxGfGcU9vp5T7Lw5ZC0m+T58YvxRR9sg300=", "last_login": null, "is_superuser": false, "username": "rs_siloam_gleneagles", "first_name": "", "last_name": "", "email": "riswati@siloamhospitals.com", "is_staff": false, "is_active": true, "date_joined": "2017-06-06T18:02:26.740Z", "groups": [], "user_permissions": []}}, {"model": "auth.user", "pk": 31, "fields": {"password": "pbkdf2_sha256$30000$EbeRt3Sls2Vj$ofhHyA/p496YmbGvNqQFDKI5qPtOwN5r9g7MninpjJo=", "last_login": null, "is_superuser": false, "username": "rs_siloam_bali", "first_name": "", "last_name": "", "email": "siloambali@gmail.com", "is_staff": false, "is_active": true, "date_joined": "2017-06-06T18:04:26.304Z", "groups": [], "user_permissions": []}}, {"model": "auth.user", "pk": 32, "fields": {"password": "pbkdf2_sha256$30000$mrsH7YlYHlQR$aOW9TEz8jgs2K7ctROJX2qqN6N6MlM7YDjGlyuRj92g=", "last_login": null, "is_superuser": false, "username": "rsu_katholik_surabaya", "first_name": "", "last_name": "", "email": "katholiksurabaya@gmail.com", "is_staff": false, "is_active": true, "date_joined": "2017-06-06T18:06:57.338Z", "groups": [], "user_permissions": []}}, {"model": "auth.user", "pk": 33, "fields": {"password": "pbkdf2_sha256$30000$EYXb7EvMZXRA$Foxl7CAyP5JSNhn7XT9zw1Re+rURnl7bSpCzynS84t8=", "last_login": null, "is_superuser": false, "username": "rs_orthopedi_prof.dr.r.soeharso", "first_name": "", "last_name": "", "email": "rso_solo@rso.go.id", "is_staff": false, "is_active": true, "date_joined": "2017-06-06T18:08:51.312Z", "groups": [], "user_permissions": []}}, {"model": "auth.user", "pk": 34, "fields": {"password": "pbkdf2_sha256$30000$JUGqn2aRtlIa$scI3nmXkS9Xvm04sGqAdUZ9ShJzgD+p1YM/hRfBA4iE=", "last_login": null, "is_superuser": false, "username": "rsud_dr.r.soetrasno_rembang", "first_name": "", "last_name": "", "email": "rsu_rembang@yahoo.co.id", "is_staff": false, "is_active": true, "date_joined": "2017-06-06T18:10:45.711Z", "groups": [], "user_permissions": []}}, {"model": "auth.user", "pk": 35, "fields": {"password": "pbkdf2_sha256$30000$Tof7Q3COQsfW$9zspQOwJjKvrAVAZVtuHXbjiOlIZRX5g9NZTufIjV9E=", "last_login": null, "is_superuser": false, "username": "rsu_ciputra_tangerang", "first_name": "", "last_name": "", "email": "ciputra@gmail.com", "is_staff": false, "is_active": true, "date_joined": "2017-06-06T18:12:23.108Z", "groups": [], "user_permissions": []}}, {"model": "auth.user", "pk": 36, "fields": {"password": "pbkdf2_sha256$30000$XummV9QLcoCp$+ucOZsSLmDLy3WCOh29LcdeIVUJ6OWZJG4Aqk3iewZw=", "last_login": null, "is_superuser": false, "username": "rs_paru_dr.ario_wirawan", "first_name": "", "last_name": "", "email": "rsp_salatiga@rspaw.or.id", "is_staff": false, "is_active": true, "date_joined": "2017-06-06T18:18:03.934Z", "groups": [], "user_permissions": []}}, {"model": "auth.user", "pk": 37, "fields": {"password": "pbkdf2_sha256$30000$3qdr4mfpwsWb$DMK7QUnbcwSeW6HlMfgJ4QpZexgRwP1GIimWzFp2JCE=", "last_login": null, "is_superuser": false, "username": "rsud_dr.moewardi_surakarta", "first_name": "", "last_name": "", "email": "rsmoewardi@jatengprov.go.id", "is_staff": false, "is_active": true, "date_joined": "2017-06-06T18:21:01.581Z", "groups": [], "user_permissions": []}}, {"model": "auth.user", "pk": 38, "fields": {"password": "pbkdf2_sha256$30000$x8eRGSbwdo1M$JDp5TNT0/PcKP/AtPZDX9pMw7hnonxiURoSNhk3gZ1U=", "last_login": null, "is_superuser": false, "username": "rsu_bethesda_yogyakarta", "first_name": "", "last_name": "", "email": "bethesda_yogyakarta@bethesda.or.id", "is_staff": false, "is_active": true, "date_joined": "2017-06-06T18:30:51.635Z", "groups": [], "user_permissions": []}}, {"model": "auth.user", "pk": 39, "fields": {"password": "pbkdf2_sha256$30000$DyqiQKtJK40r$8Md3TnE/9helrGagUujzT5ZnpF8n9IvKwBUp+8bCoW4=", "last_login": null, "is_superuser": false, "username": "rsud_sidoarjo", "first_name": "", "last_name": "", "email": "program.rsud@gmail.com", "is_staff": false, "is_active": true, "date_joined": "2017-06-06T18:32:37.857Z", "groups": [], "user_permissions": []}}, {"model": "auth.user", "pk": 40, "fields": {"password": "pbkdf2_sha256$30000$8Tevp2acIu6X$WrD/yyTbs8TZDFzKhxf9DLdAndc0hJMNgI65Hy2syXQ=", "last_login": null, "is_superuser": false, "username": "rsu_mmc", "first_name": "", "last_name": "", "email": "rsumm@gmail.com", "is_staff": false, "is_active": true, "date_joined": "2017-06-06T18:34:15.839Z", "groups": [], "user_permissions": []}}, {"model": "auth.user", "pk": 41, "fields": {"password": "pbkdf2_sha256$30000$CCw6iXNHU8YT$Spstcd8VDY6tJZpsy6woGVj9AFh3RAx0v0pQrMmOUA0=", "last_login": null, "is_superuser": false, "username": "rsud_tugurejo_semarang", "first_name": "", "last_name": "", "email": "tugurejo@jatengprov.go.id", "is_staff": false, "is_active": true, "date_joined": "2017-06-06T18:36:32.616Z", "groups": [], "user_permissions": []}}, {"model": "auth.user", "pk": 42, "fields": {"password": "pbkdf2_sha256$30000$Tg1cNyrA5SNU$SHemefUo3uyXMsZYO0MyC3btjmtZw4G3nhg4/Sdwxow=", "last_login": null, "is_superuser": false, "username": "rs_khusus_bedah_bimc", "first_name": "", "last_name": "", "email": "info@bimcbali.com", "is_staff": false, "is_active": true, "date_joined": "2017-06-06T18:38:18.561Z", "groups": [], "user_permissions": []}}, {"model": "auth.user", "pk": 43, "fields": {"password": "pbkdf2_sha256$30000$lYqvZelUETFv$UjYif98M6AT8MAMcVHkBK3FtLiFBvQJucNbRBh+yzyo=", "last_login": null, "is_superuser": false, "username": "rsu_awal_bros", "first_name": "", "last_name": "", "email": "mkt.bks@awalbros.com", "is_staff": false, "is_active": true, "date_joined": "2017-06-06T18:40:57.458Z", "groups": [], "user_permissions": []}}, {"model": "auth.user", "pk": 44, "fields": {"password": "pbkdf2_sha256$30000$3zWSErWfcNh6$r2bQF5MwdmEtpAS4s3u7RfaYeonlmMyYEX5mHTB6/dw=", "last_login": null, "is_superuser": false, "username": "rsu_st.antonius", "first_name": "", "last_name": "", "email": "pemasaranrssa@gmail.com", "is_staff": false, "is_active": true, "date_joined": "2017-06-06T18:45:09.019Z", "groups": [], "user_permissions": []}}, {"model": "auth.user", "pk": 45, "fields": {"password": "pbkdf2_sha256$30000$TdMZ2VUuCYMU$SqT9st3ZIAQEqpkRXjePhwpVG3FCh2nPv+nMHIACMhg=", "last_login": null, "is_superuser": false, "username": "rsud_datu_beru_takengon", "first_name": "", "last_name": "", "email": "datuberutakengon@yahoo.co.id", "is_staff": false, "is_active": true, "date_joined": "2017-06-06T18:46:57.280Z", "groups": [], "user_permissions": []}}, {"model": "auth.user", "pk": 46, "fields": {"password": "pbkdf2_sha256$30000$giVsUlMEKDMr$rFIKRe3xLQ5YxImNhCI6WQlKHH2bQmv+h0ZBYSVHuCM=", "last_login": null, "is_superuser": false, "username": "rs_jiwa_dr.r.m.soedjarwadi_klaten", "first_name": "", "last_name": "", "email": "datuberutakengon@yahoo.co.id", "is_staff": false, "is_active": true, "date_joined": "2017-06-06T18:49:05.273Z", "groups": [], "user_permissions": []}}, {"model": "auth.user", "pk": 47, "fields": {"password": "pbkdf2_sha256$30000$4Xii2ZkuKCbT$ddKaVkyQtgUDthgqFve6p433LMHfQoQZliVa+yQjUZE=", "last_login": null, "is_superuser": false, "username": "rsu_hermina", "first_name": "", "last_name": "", "email": "GRANDWISATA@HERMINAHOSPITALGROUP.COM", "is_staff": false, "is_active": true, "date_joined": "2017-06-06T18:52:09.105Z", "groups": [], "user_permissions": []}}, {"model": "auth.user", "pk": 48, "fields": {"password": "pbkdf2_sha256$30000$ELDIkiE3pzNz$oTgKkqvUX27Mx/NxvlYzAbLuDoEqqqF7TwKgXRY8Nyg=", "last_login": null, "is_superuser": false, "username": "rsu_haji_jakarta", "first_name": "", "last_name": "", "email": "hajijakarta@gmail.com", "is_staff": false, "is_active": true, "date_joined": "2017-06-06T18:53:58.902Z", "groups": [], "user_permissions": []}}, {"model": "auth.user", "pk": 49, "fields": {"password": "pbkdf2_sha256$30000$T156dCz9GRRc$gwDJVZvMbla55QGiS0T/Qxsh6fsr2rdWEBf9IM4dqas=", "last_login": null, "is_superuser": false, "username": "rsu_bethsaida", "first_name": "", "last_name": "", "email": "iwan.haryawan@bethsaidahospitals.com", "is_staff": false, "is_active": true, "date_joined": "2017-06-06T18:56:28.595Z", "groups": [], "user_permissions": []}}, {"model": "auth.user", "pk": 50, "fields": {"password": "pbkdf2_sha256$30000$xvJFDlXQwCrJ$6nS9BynFKlXEgK5TA4wsTP8ML0Dum94FLS21/5LqLs0=", "last_login": null, "is_superuser": false, "username": "rsup_dr_mohammad_hoesin", "first_name": "", "last_name": "", "email": "rsmh@rsmh.co.id", "is_staff": false, "is_active": true, "date_joined": "2017-06-06T18:58:18.065Z", "groups": [], "user_permissions": []}}, {"model": "auth.user", "pk": 51, "fields": {"password": "pbkdf2_sha256$30000$61ZdjNDBDTJs$2e/1xy0Rf6vp7K+b13fWkGFpJxGc3pPEfUoPswhOnIg=", "last_login": null, "is_superuser": false, "username": "rsu_santa_theresia", "first_name": "", "last_name": "", "email": "rstheresia@ymail.com", "is_staff": false, "is_active": true, "date_joined": "2017-06-06T18:59:52.351Z", "groups": [], "user_permissions": []}}, {"model": "auth.user", "pk": 52, "fields": {"password": "pbkdf2_sha256$30000$GFzuckl0fVot$VqXvQSuwT0XCi2LxpEej0tsx9PFOys3zubdVW01Z+vQ=", "last_login": null, "is_superuser": false, "username": "rsu_medistra", "first_name": "", "last_name": "", "email": "medistra@gmail.com", "is_staff": false, "is_active": true, "date_joined": "2017-06-06T19:01:54.980Z", "groups": [], "user_permissions": []}}, {"model": "auth.user", "pk": 53, "fields": {"password": "pbkdf2_sha256$30000$xUl8ndF9kRj0$JrLMTBCXRI3qG9ivgQl0crfkMEGQXb3FKGm1RpMFovI=", "last_login": null, "is_superuser": false, "username": "rsu_sint_carolus", "first_name": "", "last_name": "", "email": "sintcarolus@gmail.com", "is_staff": false, "is_active": true, "date_joined": "2017-06-06T19:04:55.356Z", "groups": [], "user_permissions": []}}, {"model": "auth.user", "pk": 54, "fields": {"password": "pbkdf2_sha256$30000$nM3bs3acOaLJ$KTv8Mxa6PkYG3w+PE5yq3nMlIysscPcNJvZ1Q1wfgHY=", "last_login": null, "is_superuser": false, "username": "rsu_uki", "first_name": "", "last_name": "", "email": "rsuuki@gmail.com", "is_staff": false, "is_active": true, "date_joined": "2017-06-06T19:07:23.335Z", "groups": [], "user_permissions": []}}, {"model": "auth.user", "pk": 55, "fields": {"password": "pbkdf2_sha256$30000$YcpvqNQWl4iG$pBtzel5P7pHP44w2sb1tlyIM9p5f+aPkfwL+d9Y/2Co=", "last_login": null, "is_superuser": false, "username": "rsu_mitra_plumbon", "first_name": "", "last_name": "", "email": "rsmitraplumbon@yahoo.com", "is_staff": false, "is_active": true, "date_joined": "2017-06-06T19:09:26.612Z", "groups": [], "user_permissions": []}}, {"model": "auth.user", "pk": 56, "fields": {"password": "pbkdf2_sha256$30000$SipAIRgZlT1s$hzlm0SCk6NhT6slni0OkBRDFlFWkE8bnLSn4xf2Pg0s=", "last_login": null, "is_superuser": false, "username": "rsud_kab_jombang", "first_name": "", "last_name": "", "email": "rsmitraplumbon@yahoo.com", "is_staff": false, "is_active": true, "date_joined": "2017-06-06T19:11:08.907Z", "groups": [], "user_permissions": []}}, {"model": "auth.user", "pk": 57, "fields": {"password": "pbkdf2_sha256$30000$3BwSso2hzDhO$IgZUAzEeJtHfsqrPJ+ubiWM5E/cKQBfvkmV65fagGgE=", "last_login": null, "is_superuser": false, "username": "rs_kanker_dharmais", "first_name": "", "last_name": "", "email": "dharmais@dharmais.co.id", "is_staff": false, "is_active": true, "date_joined": "2017-06-06T19:12:52.044Z", "groups": [], "user_permissions": []}}, {"model": "auth.user", "pk": 58, "fields": {"password": "pbkdf2_sha256$30000$eE1cgXg1nDTT$X3zk5QnJnxHd2fJ/DBXEP//ZTd9pMkEVSGnpx16YmxM=", "last_login": null, "is_superuser": false, "username": "rsud_haji_surabaya", "first_name": "", "last_name": "", "email": "evapor.rsuhajisby@gmail.com", "is_staff": false, "is_active": true, "date_joined": "2017-06-06T19:15:07.647Z", "groups": [], "user_permissions": []}}, {"model": "auth.user", "pk": 59, "fields": {"password": "pbkdf2_sha256$30000$MPrvrJUAGdR0$bw2OZ8Y53YHF1nI0MMV3a6L/hLx3m2pJfTUL9NS24RQ=", "last_login": null, "is_superuser": false, "username": "rs_jiwa_surakarta", "first_name": "", "last_name": "", "email": "rsjd_surakarta@yahoo.com", "is_staff": false, "is_active": true, "date_joined": "2017-06-06T19:17:02.556Z", "groups": [], "user_permissions": []}}, {"model": "auth.user", "pk": 60, "fields": {"password": "pbkdf2_sha256$30000$Gn6b08liBMF8$Vtv8P08gs3NMjRR97pGpmp37tasonhLEMvv7ppNhT9o=", "last_login": null, "is_superuser": false, "username": "rsud_sumedang", "first_name": "", "last_name": "", "email": "rsud.sumedang@gmail.com", "is_staff": false, "is_active": true, "date_joined": "2017-06-06T19:19:05.220Z", "groups": [], "user_permissions": []}}, {"model": "auth.user", "pk": 61, "fields": {"password": "pbkdf2_sha256$30000$WqyU8JlLzdn2$NHsjI7swTA2WinPt62685Dvp3C0LBpCon/K9E7hKDTo=", "last_login": null, "is_superuser": false, "username": "rsup_adam_malik", "first_name": "", "last_name": "", "email": "admin@rsham.co.id", "is_staff": false, "is_active": true, "date_joined": "2017-06-06T19:21:10.833Z", "groups": [], "user_permissions": []}}, {"model": "auth.user", "pk": 62, "fields": {"password": "pbkdf2_sha256$30000$rLgyLru2vZ7P$5KjMbkeovo1fB7n72+/8pMi3gTBrW4aYBOCDtQ5DISk=", "last_login": null, "is_superuser": false, "username": "rsu_siloam_semanggi", "first_name": "", "last_name": "", "email": "admin@rsham.co.id", "is_staff": false, "is_active": true, "date_joined": "2017-06-06T19:22:45.799Z", "groups": [], "user_permissions": []}}, {"model": "auth.user", "pk": 63, "fields": {"password": "pbkdf2_sha256$30000$MCPOL6y8olic$H9tnWXcsg5WY6jh/SshqytNSnBH/b27z3Su/FI85980=", "last_login": "2017-06-06T19:35:17.979Z", "is_superuser": false, "username": "rsu_sekar_kamulyan", "first_name": "", "last_name": "", "email": "sekretariat@rssekarkamulyan.com", "is_staff": false, "is_active": true, "date_joined": "2017-06-06T19:34:44.248Z", "groups": [], "user_permissions": []}}, {"model": "utama.akun", "pk": 1, "fields": {"user": 2, "role": "asuransi", "waktu_registrasi": "2017-06-06T01:27:16.261Z"}}, {"model": "utama.akun", "pk": 2, "fields": {"user": 3, "role": "rumah_sakit", "waktu_registrasi": "2017-06-06T04:40:03.972Z"}}, {"model": "utama.akun", "pk": 3, "fields": {"user": 4, "role": "administrator", "waktu_registrasi": "2017-06-06T04:50:44.588Z"}}, {"model": "utama.akun", "pk": 4, "fields": {"user": 5, "role": "pengunjung", "waktu_registrasi": "2017-06-06T06:53:26.241Z"}}, {"model": "utama.akun", "pk": 5, "fields": {"user": 6, "role": "rumah_sakit", "waktu_registrasi": "2017-06-06T07:20:09.244Z"}}, {"model": "utama.akun", "pk": 6, "fields": {"user": 7, "role": "rumah_sakit", "waktu_registrasi": "2017-06-06T07:27:38.365Z"}}, {"model": "utama.akun", "pk": 7, "fields": {"user": 8, "role": "rumah_sakit", "waktu_registrasi": "2017-06-06T07:34:10.808Z"}}, {"model": "utama.akun", "pk": 8, "fields": {"user": 9, "role": "rumah_sakit", "waktu_registrasi": "2017-06-06T07:35:09.532Z"}}, {"model": "utama.akun", "pk": 9, "fields": {"user": 10, "role": "rumah_sakit", "waktu_registrasi": "2017-06-06T07:36:01.854Z"}}, {"model": "utama.akun", "pk": 10, "fields": {"user": 11, "role": "rumah_sakit", "waktu_registrasi": "2017-06-06T07:37:04.357Z"}}, {"model": "utama.akun", "pk": 11, "fields": {"user": 12, "role": "rumah_sakit", "waktu_registrasi": "2017-06-06T07:38:01.718Z"}}, {"model": "utama.akun", "pk": 12, "fields": {"user": 13, "role": "rumah_sakit", "waktu_registrasi": "2017-06-06T07:38:56.053Z"}}, {"model": "utama.akun", "pk": 13, "fields": {"user": 14, "role": "rumah_sakit", "waktu_registrasi": "2017-06-06T07:39:43.053Z"}}, {"model": "utama.akun", "pk": 14, "fields": {"user": 15, "role": "rumah_sakit", "waktu_registrasi": "2017-06-06T07:40:24.642Z"}}, {"model": "utama.akun", "pk": 15, "fields": {"user": 16, "role": "asuransi", "waktu_registrasi": "2017-06-06T07:51:46.413Z"}}, {"model": "utama.akun", "pk": 16, "fields": {"user": 17, "role": "asuransi", "waktu_registrasi": "2017-06-06T07:57:46.830Z"}}, {"model": "utama.akun", "pk": 17, "fields": {"user": 18, "role": "pengunjung", "waktu_registrasi": "2017-06-06T08:02:54.559Z"}}, {"model": "utama.akun", "pk": 18, "fields": {"user": 19, "role": "rumah_sakit", "waktu_registrasi": "2017-06-06T17:19:21.091Z"}}, {"model": "utama.akun", "pk": 19, "fields": {"user": 20, "role": "rumah_sakit", "waktu_registrasi": "2017-06-06T17:34:18.983Z"}}, {"model": "utama.akun", "pk": 20, "fields": {"user": 21, "role": "rumah_sakit", "waktu_registrasi": "2017-06-06T17:39:25.375Z"}}, {"model": "utama.akun", "pk": 21, "fields": {"user": 22, "role": "rumah_sakit", "waktu_registrasi": "2017-06-06T17:42:26.049Z"}}, {"model": "utama.akun", "pk": 22, "fields": {"user": 23, "role": "rumah_sakit", "waktu_registrasi": "2017-06-06T17:44:25.837Z"}}, {"model": "utama.akun", "pk": 23, "fields": {"user": 24, "role": "rumah_sakit", "waktu_registrasi": "2017-06-06T17:46:12.558Z"}}, {"model": "utama.akun", "pk": 24, "fields": {"user": 25, "role": "rumah_sakit", "waktu_registrasi": "2017-06-06T17:50:10.081Z"}}, {"model": "utama.akun", "pk": 25, "fields": {"user": 26, "role": "rumah_sakit", "waktu_registrasi": "2017-06-06T17:51:59.681Z"}}, {"model": "utama.akun", "pk": 26, "fields": {"user": 27, "role": "rumah_sakit", "waktu_registrasi": "2017-06-06T17:54:16.267Z"}}, {"model": "utama.akun", "pk": 27, "fields": {"user": 28, "role": "rumah_sakit", "waktu_registrasi": "2017-06-06T17:58:03.379Z"}}, {"model": "utama.akun", "pk": 28, "fields": {"user": 29, "role": "rumah_sakit", "waktu_registrasi": "2017-06-06T18:00:41.197Z"}}, {"model": "utama.akun", "pk": 29, "fields": {"user": 30, "role": "rumah_sakit", "waktu_registrasi": "2017-06-06T18:02:27.468Z"}}, {"model": "utama.akun", "pk": 30, "fields": {"user": 31, "role": "rumah_sakit", "waktu_registrasi": "2017-06-06T18:04:26.921Z"}}, {"model": "utama.akun", "pk": 31, "fields": {"user": 32, "role": "rumah_sakit", "waktu_registrasi": "2017-06-06T18:06:57.948Z"}}, {"model": "utama.akun", "pk": 32, "fields": {"user": 33, "role": "rumah_sakit", "waktu_registrasi": "2017-06-06T18:08:51.891Z"}}, {"model": "utama.akun", "pk": 33, "fields": {"user": 34, "role": "rumah_sakit", "waktu_registrasi": "2017-06-06T18:10:46.397Z"}}, {"model": "utama.akun", "pk": 34, "fields": {"user": 35, "role": "rumah_sakit", "waktu_registrasi": "2017-06-06T18:12:23.747Z"}}, {"model": "utama.akun", "pk": 35, "fields": {"user": 36, "role": "rumah_sakit", "waktu_registrasi": "2017-06-06T18:18:04.802Z"}}, {"model": "utama.akun", "pk": 36, "fields": {"user": 37, "role": "rumah_sakit", "waktu_registrasi": "2017-06-06T18:21:02.308Z"}}, {"model": "utama.akun", "pk": 37, "fields": {"user": 38, "role": "rumah_sakit", "waktu_registrasi": "2017-06-06T18:30:52.319Z"}}, {"model": "utama.akun", "pk": 38, "fields": {"user": 39, "role": "rumah_sakit", "waktu_registrasi": "2017-06-06T18:32:38.446Z"}}, {"model": "utama.akun", "pk": 39, "fields": {"user": 40, "role": "rumah_sakit", "waktu_registrasi": "2017-06-06T18:34:16.406Z"}}, {"model": "utama.akun", "pk": 40, "fields": {"user": 41, "role": "rumah_sakit", "waktu_registrasi": "2017-06-06T18:36:33.317Z"}}, {"model": "utama.akun", "pk": 41, "fields": {"user": 42, "role": "rumah_sakit", "waktu_registrasi": "2017-06-06T18:38:19.188Z"}}, {"model": "utama.akun", "pk": 42, "fields": {"user": 43, "role": "rumah_sakit", "waktu_registrasi": "2017-06-06T18:40:58.163Z"}}, {"model": "utama.akun", "pk": 43, "fields": {"user": 44, "role": "rumah_sakit", "waktu_registrasi": "2017-06-06T18:45:09.729Z"}}, {"model": "utama.akun", "pk": 44, "fields": {"user": 45, "role": "rumah_sakit", "waktu_registrasi": "2017-06-06T18:46:57.862Z"}}, {"model": "utama.akun", "pk": 45, "fields": {"user": 46, "role": "rumah_sakit", "waktu_registrasi": "2017-06-06T18:49:05.906Z"}}, {"model": "utama.akun", "pk": 46, "fields": {"user": 47, "role": "rumah_sakit", "waktu_registrasi": "2017-06-06T18:52:09.819Z"}}, {"model": "utama.akun", "pk": 47, "fields": {"user": 48, "role": "rumah_sakit", "waktu_registrasi": "2017-06-06T18:53:59.475Z"}}, {"model": "utama.akun", "pk": 48, "fields": {"user": 49, "role": "rumah_sakit", "waktu_registrasi": "2017-06-06T18:56:29.340Z"}}, {"model": "utama.akun", "pk": 49, "fields": {"user": 50, "role": "rumah_sakit", "waktu_registrasi": "2017-06-06T18:58:18.667Z"}}, {"model": "utama.akun", "pk": 50, "fields": {"user": 51, "role": "rumah_sakit", "waktu_registrasi": "2017-06-06T18:59:52.997Z"}}, {"model": "utama.akun", "pk": 51, "fields": {"user": 52, "role": "rumah_sakit", "waktu_registrasi": "2017-06-06T19:01:55.643Z"}}, {"model": "utama.akun", "pk": 52, "fields": {"user": 53, "role": "rumah_sakit", "waktu_registrasi": "2017-06-06T19:04:55.976Z"}}, {"model": "utama.akun", "pk": 53, "fields": {"user": 54, "role": "rumah_sakit", "waktu_registrasi": "2017-06-06T19:07:24.176Z"}}, {"model": "utama.akun", "pk": 54, "fields": {"user": 55, "role": "rumah_sakit", "waktu_registrasi": "2017-06-06T19:09:27.312Z"}}, {"model": "utama.akun", "pk": 55, "fields": {"user": 56, "role": "rumah_sakit", "waktu_registrasi": "2017-06-06T19:11:09.543Z"}}, {"model": "utama.akun", "pk": 56, "fields": {"user": 57, "role": "rumah_sakit", "waktu_registrasi": "2017-06-06T19:12:52.852Z"}}, {"model": "utama.akun", "pk": 57, "fields": {"user": 58, "role": "rumah_sakit", "waktu_registrasi": "2017-06-06T19:15:08.522Z"}}, {"model": "utama.akun", "pk": 58, "fields": {"user": 59, "role": "rumah_sakit", "waktu_registrasi": "2017-06-06T19:17:03.146Z"}}, {"model": "utama.akun", "pk": 59, "fields": {"user": 60, "role": "rumah_sakit", "waktu_registrasi": "2017-06-06T19:19:05.959Z"}}, {"model": "utama.akun", "pk": 60, "fields": {"user": 61, "role": "rumah_sakit", "waktu_registrasi": "2017-06-06T19:21:11.519Z"}}, {"model": "utama.akun", "pk": 61, "fields": {"user": 62, "role": "rumah_sakit", "waktu_registrasi": "2017-06-06T19:22:46.453Z"}}, {"model": "utama.akun", "pk": 62, "fields": {"user": 63, "role": "rumah_sakit", "waktu_registrasi": "2017-06-06T19:34:45.213Z"}}, {"model": "admin.logentry", "pk": 1, "fields": {"action_time": "2017-06-06T04:49:49.292Z", "user": 1, "content_type": 3, "object_id": "4", "object_repr": "administrator", "action_flag": 1, "change_message": "[{\"added\": {}}]"}}, {"model": "admin.logentry", "pk": 2, "fields": {"action_time": "2017-06-06T04:49:58.489Z", "user": 1, "content_type": 3, "object_id": "4", "object_repr": "administrator", "action_flag": 2, "change_message": "[{\"changed\": {\"fields\": [\"is_staff\"]}}]"}}, {"model": "admin.logentry", "pk": 3, "fields": {"action_time": "2017-06-06T04:50:44.589Z", "user": 4, "content_type": 20, "object_id": "3", "object_repr": "administrator", "action_flag": 1, "change_message": "[{\"added\": {}}]"}}, {"model": "admin.logentry", "pk": 4, "fields": {"action_time": "2017-06-06T04:51:15.912Z", "user": 4, "content_type": 21, "object_id": "1", "object_repr": "Administrator", "action_flag": 1, "change_message": "[{\"added\": {}}]"}}, {"model": "admin.logentry", "pk": 5, "fields": {"action_time": "2017-06-06T05:04:17.932Z", "user": 4, "content_type": 15, "object_id": "1", "object_repr": "Rumah Sakit", "action_flag": 2, "change_message": "[{\"changed\": {\"fields\": [\"status_validasi\"]}}]"}}, {"model": "admin.logentry", "pk": 6, "fields": {"action_time": "2017-06-06T05:04:26.150Z", "user": 4, "content_type": 15, "object_id": "1", "object_repr": "Rumah Sakit", "action_flag": 2, "change_message": "[{\"changed\": {\"fields\": [\"waktu_validasi\", \"administrator\"]}}]"}}, {"model": "admin.logentry", "pk": 7, "fields": {"action_time": "2017-06-06T07:40:58.990Z", "user": 4, "content_type": 15, "object_id": "11", "object_repr": "RSU Bandung", "action_flag": 2, "change_message": "[{\"changed\": {\"fields\": [\"status_validasi\"]}}]"}}, {"model": "admin.logentry", "pk": 8, "fields": {"action_time": "2017-06-06T07:41:10.309Z", "user": 4, "content_type": 15, "object_id": "11", "object_repr": "RSU Bandung", "action_flag": 2, "change_message": "[{\"changed\": {\"fields\": [\"waktu_validasi\", \"administrator\"]}}]"}}, {"model": "admin.logentry", "pk": 9, "fields": {"action_time": "2017-06-06T07:41:19.308Z", "user": 4, "content_type": 15, "object_id": "10", "object_repr": "RSU Permata Bunda", "action_flag": 2, "change_message": "[{\"changed\": {\"fields\": [\"status_validasi\", \"waktu_validasi\", \"administrator\"]}}]"}}, {"model": "admin.logentry", "pk": 10, "fields": {"action_time": "2017-06-06T07:41:29.301Z", "user": 4, "content_type": 15, "object_id": "9", "object_repr": "RSU Mitra Medika", "action_flag": 2, "change_message": "[{\"changed\": {\"fields\": [\"status_validasi\", \"waktu_validasi\", \"administrator\"]}}]"}}, {"model": "admin.logentry", "pk": 11, "fields": {"action_time": "2017-06-06T07:41:41.086Z", "user": 4, "content_type": 15, "object_id": "8", "object_repr": "RSU Islam Malahayati", "action_flag": 2, "change_message": "[{\"changed\": {\"fields\": [\"status_validasi\", \"waktu_validasi\", \"administrator\"]}}]"}}, {"model": "admin.logentry", "pk": 12, "fields": {"action_time": "2017-06-06T07:41:51.477Z", "user": 4, "content_type": 15, "object_id": "7", "object_repr": "RSU AL Belawan", "action_flag": 2, "change_message": "[{\"changed\": {\"fields\": [\"status_validasi\", \"waktu_validasi\", \"administrator\"]}}]"}}, {"model": "admin.logentry", "pk": 13, "fields": {"action_time": "2017-06-06T07:42:05.070Z", "user": 4, "content_type": 15, "object_id": "6", "object_repr": "RSU Herna", "action_flag": 2, "change_message": "[{\"changed\": {\"fields\": [\"status_validasi\", \"waktu_validasi\", \"administrator\"]}}]"}}, {"model": "admin.logentry", "pk": 14, "fields": {"action_time": "2017-06-06T07:42:17.304Z", "user": 4, "content_type": 15, "object_id": "5", "object_repr": "RSU Ridos", "action_flag": 2, "change_message": "[{\"changed\": {\"fields\": [\"status_validasi\", \"waktu_validasi\", \"administrator\"]}}]"}}, {"model": "admin.logentry", "pk": 15, "fields": {"action_time": "2017-06-06T07:42:26.539Z", "user": 4, "content_type": 15, "object_id": "4", "object_repr": "RSU Bunda Thamrin", "action_flag": 2, "change_message": "[{\"changed\": {\"fields\": [\"status_validasi\", \"waktu_validasi\", \"administrator\"]}}]"}}, {"model": "admin.logentry", "pk": 16, "fields": {"action_time": "2017-06-06T07:42:33.711Z", "user": 4, "content_type": 15, "object_id": "3", "object_repr": "RSU Ibnu Saleh", "action_flag": 2, "change_message": "[{\"changed\": {\"fields\": [\"status_validasi\", \"waktu_validasi\", \"administrator\"]}}]"}}, {"model": "admin.logentry", "pk": 17, "fields": {"action_time": "2017-06-06T07:42:42.461Z", "user": 4, "content_type": 15, "object_id": "2", "object_repr": "RSUP H. Adam Malik", "action_flag": 2, "change_message": "[{\"changed\": {\"fields\": [\"status_validasi\", \"waktu_validasi\", \"administrator\"]}}]"}}, {"model": "admin.logentry", "pk": 18, "fields": {"action_time": "2017-06-06T07:59:08.146Z", "user": 4, "content_type": 10, "object_id": "3", "object_repr": "Manulife Assurance", "action_flag": 2, "change_message": "[{\"changed\": {\"fields\": [\"status_validasi\", \"waktu_validasi\"]}}]"}}, {"model": "admin.logentry", "pk": 19, "fields": {"action_time": "2017-06-06T07:59:18.479Z", "user": 4, "content_type": 10, "object_id": "2", "object_repr": "Bhakti Bhayangkara", "action_flag": 2, "change_message": "[{\"changed\": {\"fields\": [\"status_validasi\", \"waktu_validasi\"]}}]"}}, {"model": "admin.logentry", "pk": 20, "fields": {"action_time": "2017-06-06T07:59:33.559Z", "user": 4, "content_type": 10, "object_id": "1", "object_repr": "Asuransi", "action_flag": 2, "change_message": "[{\"changed\": {\"fields\": [\"status_validasi\", \"waktu_validasi\"]}}]"}}]